-- phpMyAdmin SQL Dump
-- version 5.2.0
-- https://www.phpmyadmin.net/
--
-- Host: localhost
-- Tempo de geração: 21/10/2022 às 21:07
-- Versão do servidor: 10.4.24-MariaDB
-- Versão do PHP: 8.0.17

SET SQL_MODE = "NO_AUTO_VALUE_ON_ZERO";
START TRANSACTION;
SET time_zone = "+00:00";


/*!40101 SET @OLD_CHARACTER_SET_CLIENT=@@CHARACTER_SET_CLIENT */;
/*!40101 SET @OLD_CHARACTER_SET_RESULTS=@@CHARACTER_SET_RESULTS */;
/*!40101 SET @OLD_COLLATION_CONNECTION=@@COLLATION_CONNECTION */;
/*!40101 SET NAMES utf8mb4 */;

--
-- Banco de dados: `pioneira`
--

-- --------------------------------------------------------

--
-- Estrutura para tabela `cotacaos`
--

CREATE TABLE `cotacaos` (
  `id` int(11) NOT NULL,
  `finalizado` tinyint(1) DEFAULT 0,
  `evento_id` int(11) NOT NULL,
  `retorno_id` int(11) DEFAULT NULL,
  `mecanica_id` int(11) NOT NULL,
  `created_at` date DEFAULT NULL,
  `updated_at` date DEFAULT NULL
) ENGINE=InnoDB DEFAULT CHARSET=utf8mb4;

--
-- Despejando dados para a tabela `cotacaos`
--

INSERT INTO `cotacaos` (`id`, `finalizado`, `evento_id`, `retorno_id`, `mecanica_id`, `created_at`, `updated_at`) VALUES
(1, 1, 48, NULL, 31, '2022-08-29', '2022-08-29'),
(2, 1, 2, NULL, 40, '2022-08-29', '2022-08-29'),
(3, 1, 3, NULL, 43, '2022-08-29', '2022-08-29'),
(4, 1, 4, NULL, 37, '2022-08-29', '2022-08-29'),
(5, 1, 35, NULL, 34, '2022-08-29', '2022-08-29'),
(6, 1, 34, NULL, 67, '2022-08-29', '2022-08-29'),
(7, 1, 33, NULL, 65, '2022-08-29', '2022-08-29'),
(8, 1, 32, NULL, 66, '2022-08-29', '2022-08-29'),
(9, 1, 30, NULL, 41, '2022-08-29', '2022-08-29'),
(10, 1, 37, NULL, 42, '2022-08-29', '2022-08-29'),
(11, 1, 28, NULL, 31, '2022-08-29', '2022-08-29'),
(12, 1, 36, NULL, 34, '2022-08-29', '2022-08-29'),
(13, 1, 36, NULL, 34, '2022-08-29', '2022-08-29'),
(14, 1, 36, NULL, 34, '2022-08-29', '2022-08-29'),
(15, 1, 36, NULL, 34, '2022-08-29', '2022-08-29'),
(16, 1, 36, NULL, 34, '2022-08-29', '2022-08-29'),
(17, 1, 47, NULL, 42, '2022-08-29', '2022-08-29'),
(18, 1, 46, NULL, 39, '2022-08-29', '2022-08-29'),
(19, 1, 46, NULL, 39, '2022-08-29', '2022-08-29'),
(20, 1, 45, NULL, 31, '2022-08-29', '2022-08-29'),
(21, 1, 44, NULL, 69, '2022-08-29', '2022-08-29'),
(22, 1, 27, NULL, 64, '2022-08-29', '2022-08-29'),
(23, 1, 42, NULL, 68, '2022-08-29', '2022-08-29'),
(24, 1, 41, NULL, 39, '2022-08-29', '2022-08-29'),
(25, 1, 40, NULL, 62, '2022-08-29', '2022-08-29'),
(26, 1, 39, NULL, 51, '2022-08-29', '2022-08-29'),
(27, 1, 43, NULL, 67, '2022-08-29', '2022-08-29'),
(28, 1, 26, NULL, 63, '2022-08-29', '2022-08-29'),
(29, 1, 38, NULL, 37, '2022-08-29', '2022-08-29'),
(30, 1, 12, NULL, 34, '2022-08-29', '2022-08-29'),
(31, 1, 25, NULL, 39, '2022-08-29', '2022-08-29'),
(32, 1, 10, NULL, 44, '2022-08-29', '2022-08-29'),
(33, 1, 11, NULL, 42, '2022-08-29', '2022-08-29'),
(34, 1, 8, NULL, 57, '2022-08-29', '2022-08-29'),
(35, 1, 9, NULL, 43, '2022-08-29', '2022-08-29'),
(36, 1, 6, NULL, 56, '2022-08-29', '2022-08-29'),
(37, 1, 5, NULL, 55, '2022-08-29', '2022-08-29'),
(38, 1, 13, NULL, 50, '2022-08-29', '2022-08-29'),
(39, 1, 14, NULL, 58, '2022-08-29', '2022-08-29'),
(40, 1, 7, NULL, 50, '2022-08-29', '2022-08-29'),
(41, 1, 24, NULL, 35, '2022-08-29', '2022-08-29'),
(42, 1, 22, NULL, 39, '2022-08-29', '2022-08-29'),
(43, 1, 21, NULL, 33, '2022-08-29', '2022-08-29'),
(44, 1, 20, NULL, 32, '2022-08-29', '2022-08-29'),
(45, 1, 19, NULL, 61, '2022-08-29', '2022-08-29'),
(46, 1, 18, NULL, 41, '2022-08-29', '2022-08-29'),
(47, 1, 17, NULL, 50, '2022-08-29', '2022-08-29'),
(48, 1, 16, NULL, 42, '2022-08-29', '2022-08-29'),
(49, 1, 15, NULL, 59, '2022-08-29', '2022-08-29'),
(50, 1, 23, NULL, 62, '2022-08-29', '2022-08-29'),
(51, 1, 29, NULL, 31, '2022-08-29', '2022-08-29'),
(52, 1, 31, NULL, 65, '2022-08-29', '2022-08-29'),
(53, 1, 82, NULL, 67, '2022-08-30', '2022-08-30'),
(54, 1, 83, NULL, 51, '2022-08-30', '2022-09-01'),
(55, 1, 86, NULL, 64, '2022-08-30', '2022-08-30'),
(56, 1, 78, NULL, 72, '2022-08-30', '2022-09-02'),
(57, 1, 77, NULL, 40, '2022-08-30', '2022-09-06'),
(58, 1, 51, NULL, 63, '2022-08-31', '2022-09-01'),
(59, 1, 89, NULL, 32, '2022-08-31', '2022-09-02'),
(60, 0, 72, NULL, 52, '2022-08-31', '2022-08-31'),
(61, 1, 71, NULL, 70, '2022-08-31', '2022-08-31'),
(62, 1, 76, NULL, 35, '2022-08-31', '2022-08-31'),
(63, 1, 52, NULL, 48, '2022-08-31', '2022-09-05'),
(64, 1, 70, NULL, 52, '2022-08-31', '2022-09-09'),
(65, 1, 68, NULL, 34, '2022-08-31', '2022-09-02'),
(66, 1, 87, NULL, 69, '2022-09-01', '2022-09-06'),
(67, 1, 90, NULL, 67, '2022-09-01', '2022-09-08'),
(68, 1, 88, NULL, 73, '2022-09-01', '2022-09-01'),
(69, 1, 74, NULL, 45, '2022-09-02', '2022-09-02'),
(70, 1, 94, NULL, 67, '2022-09-05', '2022-09-08'),
(71, 1, 58, NULL, 48, '2022-09-06', '2022-09-06'),
(72, 1, 75, NULL, 50, '2022-09-06', '2022-09-06'),
(73, 1, 73, NULL, 71, '2022-09-06', '2022-09-06'),
(74, 1, 81, NULL, 48, '2022-09-06', '2022-09-09'),
(75, 1, 80, NULL, 34, '2022-09-06', '2022-09-09'),
(76, 1, 61, NULL, 74, '2022-09-06', '2022-09-06'),
(77, 1, 112, NULL, 77, '2022-09-06', '2022-09-06'),
(78, 1, 100, NULL, 42, '2022-09-06', '2022-09-09'),
(79, 1, 113, NULL, 50, '2022-09-06', '2022-09-08'),
(80, 1, 85, NULL, 44, '2022-09-06', '2022-09-08'),
(81, 1, 54, NULL, 38, '2022-09-06', '2022-09-14'),
(82, 0, 101, NULL, 38, '2022-09-06', '2022-09-06'),
(83, 1, 95, NULL, 60, '2022-09-06', '2022-09-08'),
(84, 1, 102, NULL, 62, '2022-09-08', '2022-09-08'),
(85, 1, 97, NULL, 34, '2022-09-08', '2022-09-13'),
(86, 1, 56, NULL, 67, '2022-09-08', '2022-09-09'),
(87, 1, 93, NULL, 67, '2022-09-08', '2022-09-13'),
(88, 1, 91, NULL, 39, '2022-09-08', '2022-09-08'),
(89, 1, 69, NULL, 74, '2022-09-08', '2022-09-08'),
(90, 1, 53, NULL, 75, '2022-09-08', '2022-09-13'),
(91, 1, 99, NULL, 75, '2022-09-08', '2022-09-13'),
(92, 1, 129, NULL, 62, '2022-09-09', '2022-09-13'),
(93, 1, 79, NULL, 31, '2022-09-09', '2022-09-09'),
(94, 1, 108, NULL, 42, '2022-09-12', '2022-09-13'),
(95, 1, 110, NULL, 42, '2022-09-12', '2022-09-14'),
(96, 1, 124, NULL, 69, '2022-09-12', '2022-09-15'),
(97, 1, 107, NULL, 67, '2022-09-12', '2022-09-14'),
(98, 1, 63, NULL, 40, '2022-09-13', '2022-09-13'),
(99, 1, 96, NULL, 39, '2022-09-13', '2022-09-13'),
(100, 1, 122, NULL, 40, '2022-09-13', '2022-09-13'),
(101, 1, 128, NULL, 39, '2022-09-14', '2022-09-16'),
(102, 1, 121, NULL, 37, '2022-09-14', '2022-09-14'),
(103, 1, 104, NULL, 55, '2022-09-14', '2022-09-30'),
(104, 1, 125, NULL, 69, '2022-09-15', '2022-09-30'),
(105, 1, 65, NULL, 76, '2022-09-15', '2022-09-30'),
(106, 1, 118, NULL, 34, '2022-09-15', '2022-09-20'),
(107, 1, 106, NULL, 39, '2022-09-15', '2022-09-15'),
(108, 1, 127, NULL, 37, '2022-09-15', '2022-09-21'),
(109, 1, 62, NULL, 78, '2022-09-15', '2022-09-23'),
(110, 1, 153, NULL, 34, '2022-09-16', '2022-09-20'),
(111, 1, 131, NULL, 34, '2022-09-16', '2022-09-27'),
(112, 1, 141, NULL, 75, '2022-09-16', '2022-09-30'),
(113, 0, 148, NULL, 62, '2022-09-19', '2022-09-19'),
(114, 1, 151, NULL, 67, '2022-09-19', '2022-09-27'),
(115, 1, 150, NULL, 48, '2022-09-20', '2022-09-21'),
(116, 1, 140, NULL, 32, '2022-09-20', '2022-09-20'),
(117, 1, 117, NULL, 41, '2022-09-20', '2022-09-30'),
(118, 1, 105, NULL, 76, '2022-09-20', '2022-09-30'),
(119, 1, 109, NULL, 40, '2022-09-20', '2022-09-27'),
(120, 1, 98, NULL, 34, '2022-09-20', '2022-09-30'),
(121, 0, 103, NULL, 40, '2022-09-20', '2022-09-20'),
(122, 1, 126, NULL, 75, '2022-09-21', '2022-09-27'),
(123, 1, 130, NULL, 47, '2022-09-21', '2022-09-27'),
(124, 1, 154, NULL, 31, '2022-09-21', '2022-09-21'),
(125, 1, 152, NULL, 70, '2022-09-21', '2022-09-23'),
(126, 1, 137, NULL, 62, '2022-09-22', '2022-10-05'),
(127, 1, 116, NULL, 84, '2022-09-22', '2022-09-22'),
(128, 1, 149, NULL, 81, '2022-09-22', '2022-09-30'),
(129, 1, 135, NULL, 79, '2022-09-23', '2022-09-30'),
(130, 1, 139, NULL, 72, '2022-09-23', '2022-09-27'),
(131, 1, 111, NULL, 39, '2022-09-26', '2022-09-28'),
(132, 1, 165, NULL, 55, '2022-09-26', '2022-09-27'),
(133, 1, 166, NULL, 82, '2022-09-27', '2022-09-30'),
(134, 1, 159, NULL, 83, '2022-09-27', '2022-09-30'),
(135, 1, 157, NULL, 62, '2022-09-27', '2022-09-28'),
(136, 1, 162, NULL, 33, '2022-09-27', '2022-09-29'),
(137, 1, 155, NULL, 32, '2022-09-27', '2022-09-30'),
(138, 0, 161, NULL, 35, '2022-09-28', '2022-09-28'),
(139, 1, 143, NULL, 31, '2022-09-29', '2022-09-29'),
(140, 1, 167, NULL, 51, '2022-09-30', '2022-10-05'),
(141, 0, 182, NULL, 51, '2022-09-30', '2022-09-30'),
(142, 0, 179, NULL, 38, '2022-09-30', '2022-09-30'),
(143, 1, 160, NULL, 62, '2022-09-30', '2022-09-30'),
(144, 0, 115, NULL, 74, '2022-09-30', '2022-09-30'),
(145, 1, 136, NULL, 80, '2022-09-30', '2022-09-30'),
(146, 1, 59, NULL, 37, '2022-09-30', '2022-09-30'),
(147, 1, 132, NULL, 39, '2022-09-30', '2022-10-05'),
(148, 1, 181, NULL, 51, '2022-09-30', '2022-09-30'),
(149, 1, 190, NULL, 39, '2022-10-04', '2022-10-05'),
(150, 0, 176, NULL, 60, '2022-10-04', '2022-10-04'),
(151, 1, 174, NULL, 86, '2022-10-04', '2022-10-05'),
(152, 1, 120, NULL, 34, '2022-10-06', '2022-10-06'),
(153, 0, 168, NULL, 34, '2022-10-07', '2022-10-07'),
(154, 0, 178, NULL, 51, '2022-10-10', '2022-10-10');

-- --------------------------------------------------------

--
-- Estrutura para tabela `cotacao_observacaos`
--

CREATE TABLE `cotacao_observacaos` (
  `id` int(11) NOT NULL,
  `observacao` varchar(255) NOT NULL,
  `cotacao_id` int(11) NOT NULL,
  `created_at` date DEFAULT NULL,
  `updated_at` date DEFAULT NULL,
  `hora` time DEFAULT NULL
) ENGINE=InnoDB DEFAULT CHARSET=utf8mb4;

--
-- Despejando dados para a tabela `cotacao_observacaos`
--

INSERT INTO `cotacao_observacaos` (`id`, `observacao`, `cotacao_id`, `created_at`, `updated_at`, `hora`) VALUES
(1, 'SERVIÇO SERÁ FEITO NA AUTO PRIME EM JOAÇABA', 58, '2022-09-01', '2022-09-01', '09:37:30');

-- --------------------------------------------------------

--
-- Estrutura para tabela `direcionamentos`
--

CREATE TABLE `direcionamentos` (
  `id` int(11) NOT NULL,
  `finalizado` tinyint(1) NOT NULL,
  `evento_id` int(11) NOT NULL,
  `retorno_id` int(11) DEFAULT NULL,
  `created_at` date DEFAULT NULL,
  `updated_at` date DEFAULT NULL
) ENGINE=InnoDB DEFAULT CHARSET=utf8mb4;

--
-- Despejando dados para a tabela `direcionamentos`
--

INSERT INTO `direcionamentos` (`id`, `finalizado`, `evento_id`, `retorno_id`, `created_at`, `updated_at`) VALUES
(1, 1, 1, NULL, '2022-08-29', '2022-08-29'),
(2, 1, 2, NULL, '2022-08-29', '2022-08-29'),
(3, 1, 3, NULL, '2022-08-29', '2022-08-29'),
(4, 1, 4, NULL, '2022-08-29', '2022-08-29'),
(5, 1, 5, NULL, '2022-08-29', '2022-08-29'),
(6, 1, 6, NULL, '2022-08-29', '2022-08-29'),
(7, 1, 7, NULL, '2022-08-29', '2022-08-29'),
(8, 1, 8, NULL, '2022-08-29', '2022-08-29'),
(9, 1, 9, NULL, '2022-08-29', '2022-08-29'),
(10, 1, 10, NULL, '2022-08-29', '2022-08-29'),
(11, 1, 11, NULL, '2022-08-29', '2022-08-29'),
(12, 1, 12, NULL, '2022-08-29', '2022-08-29'),
(13, 1, 13, NULL, '2022-08-29', '2022-08-29'),
(14, 1, 14, NULL, '2022-08-29', '2022-08-29'),
(15, 1, 15, NULL, '2022-08-29', '2022-08-29'),
(16, 1, 16, NULL, '2022-08-29', '2022-08-29'),
(17, 1, 17, NULL, '2022-08-29', '2022-08-29'),
(18, 1, 18, NULL, '2022-08-29', '2022-08-29'),
(19, 1, 19, NULL, '2022-08-29', '2022-08-29'),
(20, 1, 20, NULL, '2022-08-29', '2022-08-29'),
(21, 1, 21, NULL, '2022-08-29', '2022-08-29'),
(22, 1, 22, NULL, '2022-08-29', '2022-08-29'),
(23, 1, 23, NULL, '2022-08-29', '2022-08-29'),
(24, 1, 24, NULL, '2022-08-29', '2022-08-29'),
(25, 1, 25, NULL, '2022-08-29', '2022-08-29'),
(26, 1, 26, NULL, '2022-08-29', '2022-08-29'),
(27, 1, 27, NULL, '2022-08-29', '2022-08-29'),
(28, 1, 28, NULL, '2022-08-29', '2022-08-29'),
(29, 1, 29, NULL, '2022-08-29', '2022-08-29'),
(30, 1, 30, NULL, '2022-08-29', '2022-08-29'),
(31, 1, 31, NULL, '2022-08-29', '2022-08-29'),
(32, 1, 32, NULL, '2022-08-29', '2022-08-29'),
(33, 1, 33, NULL, '2022-08-29', '2022-08-29'),
(34, 1, 34, NULL, '2022-08-29', '2022-08-29'),
(35, 1, 35, NULL, '2022-08-29', '2022-08-29'),
(36, 1, 36, NULL, '2022-08-29', '2022-08-29'),
(37, 1, 37, NULL, '2022-08-29', '2022-08-29'),
(38, 1, 38, NULL, '2022-08-29', '2022-08-29'),
(39, 1, 39, NULL, '2022-08-29', '2022-08-29'),
(40, 1, 40, NULL, '2022-08-29', '2022-08-29'),
(41, 1, 41, NULL, '2022-08-29', '2022-08-29'),
(42, 1, 42, NULL, '2022-08-29', '2022-08-29'),
(43, 1, 43, NULL, '2022-08-29', '2022-08-29'),
(44, 1, 44, NULL, '2022-08-29', '2022-08-29'),
(45, 1, 45, NULL, '2022-08-29', '2022-08-29'),
(46, 1, 46, NULL, '2022-08-29', '2022-08-29'),
(47, 1, 47, NULL, '2022-08-29', '2022-08-29'),
(48, 1, 48, NULL, '2022-08-29', '2022-08-29'),
(49, 1, 49, NULL, '2022-08-29', '2022-08-29'),
(50, 1, 50, NULL, '2022-08-29', '2022-08-29'),
(51, 1, 51, NULL, '2022-08-29', '2022-08-30'),
(52, 1, 52, NULL, '2022-08-29', '2022-08-30'),
(53, 1, 53, NULL, '2022-08-29', '2022-08-31'),
(54, 1, 54, NULL, '2022-08-29', '2022-08-30'),
(55, 1, 55, NULL, '2022-08-29', '2022-08-29'),
(56, 1, 56, NULL, '2022-08-29', '2022-08-30'),
(57, 1, 57, NULL, '2022-08-29', '2022-08-29'),
(58, 1, 58, NULL, '2022-08-29', '2022-08-30'),
(59, 1, 59, NULL, '2022-08-29', '2022-08-30'),
(60, 1, 60, NULL, '2022-08-29', '2022-08-29'),
(61, 1, 61, NULL, '2022-08-29', '2022-08-31'),
(62, 1, 62, NULL, '2022-08-29', '2022-09-15'),
(63, 1, 63, NULL, '2022-08-29', '2022-08-30'),
(64, 1, 64, NULL, '2022-08-29', '2022-08-29'),
(65, 1, 65, NULL, '2022-08-29', '2022-08-31'),
(66, 1, 66, NULL, '2022-08-29', '2022-08-29'),
(67, 1, 67, NULL, '2022-08-29', '2022-08-29'),
(68, 1, 68, NULL, '2022-08-29', '2022-08-30'),
(69, 1, 69, NULL, '2022-08-29', '2022-08-31'),
(70, 1, 70, NULL, '2022-08-29', '2022-08-30'),
(71, 1, 71, NULL, '2022-08-30', '2022-08-30'),
(72, 1, 72, NULL, '2022-08-30', '2022-08-30'),
(73, 1, 73, NULL, '2022-08-30', '2022-08-30'),
(74, 1, 74, NULL, '2022-08-30', '2022-08-30'),
(75, 1, 75, NULL, '2022-08-30', '2022-08-30'),
(76, 1, 76, NULL, '2022-08-30', '2022-08-30'),
(77, 1, 77, NULL, '2022-08-30', '2022-08-30'),
(78, 1, 78, NULL, '2022-08-30', '2022-08-30'),
(79, 1, 79, NULL, '2022-08-30', '2022-08-30'),
(80, 1, 80, NULL, '2022-08-30', '2022-08-30'),
(81, 1, 81, NULL, '2022-08-30', '2022-08-30'),
(82, 1, 82, NULL, '2022-08-30', '2022-08-30'),
(83, 1, 83, NULL, '2022-08-30', '2022-08-30'),
(84, 0, 84, NULL, '2022-08-30', '2022-08-30'),
(85, 1, 85, NULL, '2022-08-30', '2022-08-30'),
(86, 1, 86, NULL, '2022-08-30', '2022-08-30'),
(87, 1, 87, NULL, '2022-08-30', '2022-08-30'),
(88, 1, 88, NULL, '2022-08-30', '2022-08-31'),
(89, 1, 89, NULL, '2022-08-30', '2022-08-30'),
(90, 1, 90, NULL, '2022-08-31', '2022-08-31'),
(91, 1, 91, NULL, '2022-08-31', '2022-09-05'),
(92, 0, 92, NULL, '2022-08-31', '2022-08-31'),
(93, 1, 93, NULL, '2022-08-31', '2022-09-05'),
(94, 1, 94, NULL, '2022-08-31', '2022-09-05'),
(95, 1, 95, NULL, '2022-09-01', '2022-09-05'),
(96, 1, 96, NULL, '2022-09-01', '2022-09-05'),
(97, 1, 97, NULL, '2022-09-02', '2022-09-05'),
(98, 1, 98, NULL, '2022-09-02', '2022-09-05'),
(99, 1, 99, NULL, '2022-09-02', '2022-09-05'),
(100, 1, 100, NULL, '2022-09-05', '2022-09-05'),
(101, 1, 101, NULL, '2022-09-05', '2022-09-05'),
(102, 1, 102, NULL, '2022-09-05', '2022-09-05'),
(103, 1, 103, NULL, '2022-09-06', '2022-09-09'),
(104, 1, 104, NULL, '2022-09-06', '2022-09-09'),
(105, 1, 105, NULL, '2022-09-06', '2022-09-09'),
(106, 1, 106, NULL, '2022-09-06', '2022-09-09'),
(107, 1, 107, NULL, '2022-09-06', '2022-09-09'),
(108, 1, 108, NULL, '2022-09-06', '2022-09-09'),
(109, 1, 109, NULL, '2022-09-06', '2022-09-09'),
(110, 1, 110, NULL, '2022-09-06', '2022-09-09'),
(111, 1, 111, NULL, '2022-09-06', '2022-09-22'),
(112, 1, 112, NULL, '2022-09-06', '2022-09-06'),
(113, 1, 113, NULL, '2022-09-06', '2022-09-06'),
(114, 0, 114, NULL, '2022-09-06', '2022-09-06'),
(115, 1, 115, NULL, '2022-09-06', '2022-09-22'),
(116, 1, 116, NULL, '2022-09-06', '2022-09-22'),
(117, 1, 117, NULL, '2022-09-08', '2022-09-09'),
(118, 1, 118, NULL, '2022-09-08', '2022-09-09'),
(119, 0, 119, NULL, '2022-09-08', '2022-09-08'),
(120, 1, 120, NULL, '2022-09-08', '2022-09-09'),
(121, 1, 121, NULL, '2022-09-08', '2022-09-09'),
(122, 1, 122, NULL, '2022-09-08', '2022-09-09'),
(123, 0, 123, NULL, '2022-09-09', '2022-09-09'),
(124, 1, 124, NULL, '2022-09-09', '2022-09-09'),
(125, 1, 125, NULL, '2022-09-09', '2022-09-09'),
(126, 1, 126, NULL, '2022-09-09', '2022-09-09'),
(127, 1, 127, NULL, '2022-09-09', '2022-09-09'),
(128, 1, 128, NULL, '2022-09-09', '2022-09-09'),
(129, 1, 129, NULL, '2022-09-09', '2022-09-09'),
(130, 1, 130, NULL, '2022-09-12', '2022-09-16'),
(131, 1, 131, NULL, '2022-09-12', '2022-09-16'),
(132, 1, 132, NULL, '2022-09-12', '2022-09-16'),
(133, 0, 133, NULL, '2022-09-13', '2022-09-13'),
(134, 0, 134, NULL, '2022-09-13', '2022-09-13'),
(135, 1, 135, NULL, '2022-09-13', '2022-09-16'),
(136, 1, 136, NULL, '2022-09-13', '2022-09-16'),
(137, 1, 137, NULL, '2022-09-13', '2022-09-22'),
(138, 1, 138, NULL, '2022-09-13', '2022-09-16'),
(139, 1, 139, NULL, '2022-09-13', '2022-09-16'),
(140, 1, 140, NULL, '2022-09-13', '2022-09-16'),
(141, 1, 141, NULL, '2022-09-13', '2022-09-16'),
(142, 1, 142, NULL, '2022-09-13', '2022-09-16'),
(143, 1, 143, NULL, '2022-09-13', '2022-09-16'),
(144, 0, 144, NULL, '2022-09-13', '2022-09-13'),
(145, 0, 145, NULL, '2022-09-13', '2022-09-13'),
(146, 0, 146, NULL, '2022-09-13', '2022-09-13'),
(147, 0, 147, NULL, '2022-09-13', '2022-09-13'),
(148, 1, 148, NULL, '2022-09-15', '2022-09-16'),
(149, 1, 149, NULL, '2022-09-15', '2022-09-16'),
(150, 1, 150, NULL, '2022-09-15', '2022-09-16'),
(151, 1, 151, NULL, '2022-09-15', '2022-09-16'),
(152, 1, 152, NULL, '2022-09-15', '2022-09-16'),
(153, 1, 153, NULL, '2022-09-15', '2022-09-16'),
(154, 1, 154, NULL, '2022-09-15', '2022-09-16'),
(155, 1, 155, NULL, '2022-09-19', '2022-09-22'),
(156, 0, 156, NULL, '2022-09-19', '2022-09-19'),
(157, 1, 157, NULL, '2022-09-19', '2022-09-22'),
(158, 0, 158, NULL, '2022-09-20', '2022-09-20'),
(159, 1, 159, NULL, '2022-09-20', '2022-09-22'),
(160, 1, 160, NULL, '2022-09-20', '2022-09-22'),
(161, 1, 161, NULL, '2022-09-20', '2022-09-22'),
(162, 1, 162, NULL, '2022-09-20', '2022-09-22'),
(163, 0, 163, NULL, '2022-09-21', '2022-09-21'),
(164, 0, 164, NULL, '2022-09-21', '2022-09-21'),
(165, 1, 165, NULL, '2022-09-21', '2022-09-22'),
(166, 1, 166, NULL, '2022-09-21', '2022-09-27'),
(167, 1, 167, NULL, '2022-09-22', '2022-09-30'),
(168, 1, 168, NULL, '2022-09-23', '2022-10-03'),
(169, 0, 169, NULL, '2022-09-23', '2022-09-23'),
(170, 1, 170, NULL, '2022-09-26', '2022-10-03'),
(171, 0, 171, NULL, '2022-09-26', '2022-09-26'),
(172, 0, 172, NULL, '2022-09-26', '2022-09-26'),
(173, 0, 173, NULL, '2022-09-26', '2022-09-26'),
(174, 1, 174, NULL, '2022-09-26', '2022-10-03'),
(175, 1, 175, NULL, '2022-09-26', '2022-10-03'),
(176, 1, 176, NULL, '2022-09-26', '2022-10-03'),
(177, 0, 177, NULL, '2022-09-26', '2022-09-26'),
(178, 1, 178, NULL, '2022-09-27', '2022-10-03'),
(179, 1, 179, NULL, '2022-09-27', '2022-09-27'),
(180, 0, 180, NULL, '2022-09-28', '2022-09-28'),
(181, 1, 181, NULL, '2022-09-28', '2022-09-30'),
(182, 1, 182, NULL, '2022-09-28', '2022-09-30'),
(183, 1, 183, NULL, '2022-09-28', '2022-10-03'),
(184, 1, 184, NULL, '2022-09-28', '2022-10-03'),
(185, 1, 185, NULL, '2022-09-28', '2022-10-03'),
(186, 1, 186, NULL, '2022-09-29', '2022-10-03'),
(187, 1, 187, NULL, '2022-09-29', '2022-10-03'),
(188, 1, 188, NULL, '2022-09-29', '2022-10-03'),
(189, 0, 189, NULL, '2022-09-29', '2022-09-29'),
(190, 1, 190, NULL, '2022-09-29', '2022-10-03'),
(191, 1, 191, NULL, '2022-09-29', '2022-10-03'),
(192, 0, 192, NULL, '2022-09-30', '2022-09-30'),
(193, 0, 193, NULL, '2022-09-30', '2022-09-30'),
(194, 0, 194, NULL, '2022-10-04', '2022-10-04'),
(195, 0, 195, NULL, '2022-10-04', '2022-10-04'),
(196, 0, 196, NULL, '2022-10-04', '2022-10-04'),
(197, 0, 197, NULL, '2022-10-04', '2022-10-04'),
(198, 0, 198, NULL, '2022-10-04', '2022-10-04'),
(199, 0, 199, NULL, '2022-10-04', '2022-10-04'),
(200, 0, 200, NULL, '2022-10-04', '2022-10-04'),
(201, 0, 201, NULL, '2022-10-04', '2022-10-04'),
(202, 0, 202, NULL, '2022-10-05', '2022-10-05'),
(203, 0, 203, NULL, '2022-10-05', '2022-10-05'),
(204, 0, 204, NULL, '2022-10-05', '2022-10-05'),
(205, 0, 205, NULL, '2022-10-06', '2022-10-06'),
(206, 0, 206, NULL, '2022-10-06', '2022-10-06'),
(207, 0, 207, NULL, '2022-10-06', '2022-10-06'),
(208, 0, 208, NULL, '2022-10-07', '2022-10-07'),
(209, 0, 209, NULL, '2022-10-07', '2022-10-07'),
(210, 0, 210, NULL, '2022-10-07', '2022-10-07'),
(211, 0, 211, NULL, '2022-10-07', '2022-10-07');

-- --------------------------------------------------------

--
-- Estrutura para tabela `eventos`
--

CREATE TABLE `eventos` (
  `id` int(11) NOT NULL,
  `numero_evento` varchar(255) NOT NULL,
  `placa_veiculo` varchar(20) NOT NULL,
  `modelo_veiculo` varchar(45) NOT NULL,
  `data_abertura` datetime NOT NULL,
  `descricao` varchar(200) DEFAULT NULL,
  `cor` varchar(255) DEFAULT NULL,
  `orcamento` tinyint(1) DEFAULT 0,
  `mecanica_id` int(11) DEFAULT NULL,
  `finalizado` tinyint(4) DEFAULT 0,
  `veiculo_assistencial` enum('7','15') DEFAULT NULL,
  `show_veiculo` int(11) DEFAULT 0,
  `observacao_finalizado` varchar(255) DEFAULT NULL
) ENGINE=InnoDB DEFAULT CHARSET=utf8mb4;

--
-- Despejando dados para a tabela `eventos`
--

INSERT INTO `eventos` (`id`, `numero_evento`, `placa_veiculo`, `modelo_veiculo`, `data_abertura`, `descricao`, `cor`, `orcamento`, `mecanica_id`, `finalizado`, `veiculo_assistencial`, `show_veiculo`, `observacao_finalizado`) VALUES
(1, '20223286', 'MIQ7E85', 'UNO', '2022-08-29 00:00:00', NULL, '#a44d9b', 0, NULL, 1, '7', 1, 'duplicidade'),
(2, '1', 'QHX4772', 'DUSTER', '2022-08-25 00:00:00', '.', '#3742b8', 1, 40, 1, NULL, 0, NULL),
(3, '1', 'ATF103', 'JETTA', '2022-08-25 00:00:00', '.', '#4984ba', 1, 43, 1, NULL, 0, NULL),
(4, '1', 'QJP9197', 'HB20', '2022-08-24 00:00:00', '.', '#969640', 1, 37, 1, NULL, 0, NULL),
(5, '1', 'MKW2C98', 'IDEA', '2022-08-24 00:00:00', '.', '#3787a1', 1, 55, 1, NULL, 0, NULL),
(6, '1', 'MLQ1A29', 'CRUZE', '2022-08-23 00:00:00', '.', '#53904f', 1, 56, 1, NULL, 0, NULL),
(7, '1', 'FKL1H17', 'COROLLA', '2022-08-23 00:00:00', '.', '#7c7a92', 1, 50, 1, NULL, 0, NULL),
(8, '1', 'MFY9167', 'PRISMA', '2022-08-23 00:00:00', '.', '#ba7886', 1, 57, 1, NULL, 0, NULL),
(9, '1', 'MIH4738', 'CLASSIC', '2022-08-23 00:00:00', '.', '#60b238', 1, 43, 1, NULL, 0, NULL),
(10, '1', 'MIA2B34', 'ECOSPORT', '2022-08-23 00:00:00', '.', '#7dafab', 1, 44, 1, NULL, 0, NULL),
(11, '1', 'BTE8787', 'OMEGA', '2022-08-22 00:00:00', '.', '#bb554e', 1, 42, 1, NULL, 0, NULL),
(12, '1', 'RLA0J53', 'SANDERO', '2022-08-22 00:00:00', '.', '#726442', 1, 34, 1, NULL, 0, NULL),
(13, '1', 'MHK8J43', 'GOL', '2022-08-22 00:00:00', '.', '#56be5b', 1, 50, 1, NULL, 0, NULL),
(14, '1', 'CHEVETTE L', 'NDM6450', '2022-08-22 00:00:00', '.', '#659188', 1, 58, 1, NULL, 0, NULL),
(15, '1', 'STRADA TREK', 'AWL4653', '2022-08-22 00:00:00', '.', '#3a4153', 1, 59, 1, NULL, 0, NULL),
(16, '1', 'CLASSIC', 'MIL4B79', '2022-08-17 00:00:00', '.', '#b8ba7d', 1, 42, 1, NULL, 0, NULL),
(17, '1', 'ONIX', 'QHR7C49', '2022-08-17 00:00:00', '.', '#ba5156', 1, 50, 1, NULL, 0, NULL),
(18, '1', 'C3', 'PFH3402', '2022-08-17 00:00:00', '.', '#9a394e', 1, 41, 1, NULL, 0, NULL),
(19, '1', 'HB20', 'AXQ9J31', '2022-08-17 00:00:00', '.', '#66529f', 1, 61, 1, NULL, 0, NULL),
(20, '1', 'JETTA', 'MKG8B31', '2022-08-17 00:00:00', '.', '#3656b0', 1, 32, 1, NULL, 0, NULL),
(21, '1', 'HB20', 'RKW6A01', '2022-08-17 00:00:00', '.', '#384281', 1, 33, 1, NULL, 0, NULL),
(22, '1', 'KA', 'QIC0D51', '2022-08-15 00:00:00', '.', '#a97732', 1, 39, 1, NULL, 0, NULL),
(23, '1', 'GOL', 'MLR8H00', '2022-08-15 00:00:00', '.', '#b88e6d', 1, 62, 1, NULL, 0, NULL),
(24, '1', 'S10', 'MCX1313', '2022-08-15 00:00:00', '.', '#758d83', 1, 35, 1, NULL, 0, NULL),
(25, '1', 'SANDERO', 'MLR3F49', '2022-08-15 00:00:00', '.', '#a15872', 1, 39, 1, NULL, 0, NULL),
(26, '1', 'PUNTO', 'MHN0B27', '2022-08-15 00:00:00', '.', '#885143', 1, 63, 1, NULL, 0, NULL),
(27, '1', 'G-380 A', 'ATA9938', '2022-08-15 00:00:00', '.', '#8952b7', 1, 64, 1, NULL, 0, NULL),
(28, '1', 'GOL', 'MLN9F14', '2022-08-15 00:00:00', '.', '#8e5ea9', 1, 31, 1, NULL, 0, NULL),
(29, '1', 'CLIO', 'AOS1E71', '2022-08-15 00:00:00', '.', '#3a398d', 1, 31, 1, NULL, 0, NULL),
(30, '1', 'PRISMA', 'AQI9A29', '2022-08-15 00:00:00', '.', '#a6bb74', 1, 41, 1, NULL, 0, NULL),
(31, '1', 'SAVEIRO', 'MJI5D18', '2022-08-15 00:00:00', '.', '#857f69', 1, 65, 1, NULL, 0, NULL),
(32, '1', 'PRISMA', 'QHS2414', '2022-08-15 00:00:00', '.', '#7f6450', 1, 66, 1, NULL, 0, NULL),
(33, '1', 'FOX', 'MEC7G41', '2022-08-15 00:00:00', '.', '#384a7b', 1, 65, 1, NULL, 0, NULL),
(34, '1', 'GOL', 'AWV3913', '2022-08-15 00:00:00', '.', '#b04ca3', 1, 67, 1, NULL, 0, NULL),
(35, '1', 'HR-V', 'QHF4009', '2022-08-09 00:00:00', '.', '#646576', 1, 34, 1, NULL, 0, NULL),
(36, '1', 'ONIX', 'QIO9815', '2022-08-09 00:00:00', '.', '#645c4a', 1, 34, 1, NULL, 0, NULL),
(37, '1', 'SAVEIRO', 'FCN0D44', '2022-08-09 00:00:00', '.', '#3f874b', 1, 42, 1, NULL, 0, NULL),
(38, '1', 'FOX', 'QHI5558', '2022-08-09 00:00:00', '.', '#738a7d', 1, 37, 1, NULL, 0, NULL),
(39, '1', 'COROLLA', 'MEO8182', '2022-08-09 00:00:00', '.', '#a7429d', 1, 51, 1, NULL, 0, NULL),
(40, '1', 'GOL', 'QJY9436', '2022-08-09 00:00:00', '.', '#6b3b61', 1, 62, 1, NULL, 0, NULL),
(41, '1', 'CLIO', 'MLC4079', '2022-08-09 00:00:00', '.', '#7746b9', 1, 39, 1, NULL, 0, NULL),
(42, '1', 'TUCSON', 'AAFB330', '2022-08-09 00:00:00', '.', '#33aba1', 1, 68, 1, NULL, 0, NULL),
(43, '1', 'GOL', 'RLP9D49', '2022-08-09 00:00:00', '.', '#a8554b', 1, 67, 1, NULL, 0, NULL),
(44, '1', 'FOX', 'QTL7040', '2022-08-09 00:00:00', '.', '#8db080', 1, 69, 1, NULL, 0, NULL),
(45, '1', 'COBALT', 'MJW4I37', '2022-08-09 00:00:00', '.', '#6e3570', 1, 31, 1, NULL, 0, NULL),
(46, '1', 'KA SEDAN', 'QIP6F78', '2022-08-09 00:00:00', '.', '#326965', 1, 39, 1, NULL, 0, NULL),
(47, '1', 'CELTA', 'MGC3956', '2022-08-09 00:00:00', '.', '#8aa74b', 1, 42, 1, NULL, 0, NULL),
(48, '1', 'HB20S', 'MLU8832', '2022-08-09 00:00:00', '.', '#c7737f', 1, 31, 1, NULL, 0, NULL),
(49, '20223280', 'QHJ0D49', 'PALIO', '2022-08-29 00:00:00', 'NEGAR', '#459192', 0, NULL, 1, NULL, 0, 'negado'),
(50, '20223280', 'ATG7B12', 'SIENA', '2022-08-29 00:00:00', 'NEGAR', '#843a62', 0, NULL, 1, NULL, 0, 'negado'),
(51, '20223286', 'MIQ7E85', 'UNO', '2022-08-29 00:00:00', 'TERC CULPADO', '#9b6c3f', 1, 63, 1, '7', 1, NULL),
(52, '20223286', 'OKG6754', 'SANDERO', '2022-08-29 00:00:00', NULL, '#4f9044', 1, 48, 1, NULL, 0, NULL),
(53, '20223285', 'MJW2D48', 'CB 300R', '2022-08-29 00:00:00', NULL, '#a3485e', 1, 75, 1, NULL, 0, NULL),
(54, '20223284', 'EFA3D07', 'GOL', '2022-08-29 00:00:00', NULL, '#8d5462', 1, 38, 0, NULL, 0, NULL),
(55, '20223283', 'MFG5C45', 'FUSION', '2022-08-29 00:00:00', 'NEGAR', '#8e6174', 0, NULL, 1, NULL, 0, 'NEGADO'),
(56, '20223282', 'MIV4791', 'STRADA', '2022-08-29 00:00:00', NULL, '#3dc649', 1, 67, 0, NULL, 0, NULL),
(57, '20223282', 'AZZ7236', 'JETTA', '2022-08-29 00:00:00', NULL, '#429b48', 0, NULL, 1, NULL, 0, 'n egado'),
(58, '20223278', 'BAR8E01', 'FLUENCE', '2022-08-29 00:00:00', NULL, '#3878b0', 1, 48, 1, NULL, 0, NULL),
(59, '20223273', 'AJZ7227', 'CELTA', '2022-08-29 00:00:00', NULL, '#b8698a', 1, 37, 1, NULL, 0, NULL),
(60, '20223265', 'MFS2567', 'PALIO', '2022-08-29 00:00:00', 'PT', '#ba5b50', 0, NULL, 1, NULL, 0, 'PT'),
(61, '20223256', 'BDD8D65', 'CG 160', '2022-08-29 00:00:00', NULL, '#574a90', 1, 74, 1, NULL, 0, NULL),
(62, '20223223', 'AXD9A65', 'FIESTA', '2022-08-29 00:00:00', NULL, '#a06a90', 1, 78, 0, NULL, 0, NULL),
(63, '20223267', 'MMJ0G88', 'FOX', '2022-08-29 00:00:00', NULL, '#36be58', 1, 40, 0, NULL, 0, NULL),
(64, 'RAF0760', 'RAF0760', 'FOX', '2022-08-29 00:00:00', NULL, '#6da0ba', 0, NULL, 1, NULL, 0, 'ERRO'),
(65, 'RAF0760', 'ACW6A48', 'OPALA', '2022-08-29 00:00:00', NULL, '#473f7b', 1, 76, 0, NULL, 0, NULL),
(66, '1', 'RAF0760', 'OPALA', '2022-08-29 00:00:00', NULL, '#764e98', 0, NULL, 1, NULL, 0, 'erro'),
(67, '20223271', 'AUU7622', 'FOX', '2022-08-29 00:00:00', NULL, '#818458', 0, NULL, 1, NULL, 0, 'PT'),
(68, '20223270', 'FJT3G18', 'POLO', '2022-08-29 00:00:00', NULL, '#7fc0a3', 1, 34, 1, NULL, 0, NULL),
(69, '20223290', 'RXN7C37', 'XTZ', '2022-08-29 00:00:00', NULL, '#bea13a', 1, 74, 1, NULL, 0, NULL),
(70, '20223290', 'AHA0304', 'GOLF', '2022-08-29 00:00:00', NULL, '#4b7e4c', 1, 52, 0, NULL, 0, NULL),
(71, '20223263', 'MGJ1A78', 'PUNTO', '2022-08-30 00:00:00', NULL, '#64c690', 1, 70, 1, '15', 1, NULL),
(72, '20223232', 'JEG1J57', 'RANGER', '2022-08-30 00:00:00', NULL, '#357d42', 1, 52, 0, NULL, 0, NULL),
(73, '20223195', 'QHD8I34', 'CB 300R', '2022-08-30 00:00:00', NULL, '#4ec889', 1, 71, 1, NULL, 0, NULL),
(74, '20223235', 'RLP6G70', 'Creta', '2022-08-30 00:00:00', NULL, '#685e35', 1, 45, 0, NULL, 0, NULL),
(75, '20223230', 'MLM1648', 'HB20S', '2022-08-30 00:00:00', NULL, '#3da54b', 1, 50, 0, NULL, 0, NULL),
(76, '20223240', 'MFJ1394', 'Gol', '2022-08-30 00:00:00', NULL, '#475c57', 1, 35, 1, NULL, 0, NULL),
(77, '20223263', 'QAA1G96', 'Evoque', '2022-08-30 00:00:00', NULL, '#5d7e90', 1, 40, 0, NULL, 0, NULL),
(78, '20223192', 'MLY4E83', 'Pálio', '2022-08-30 00:00:00', NULL, '#7b6c4e', 1, 72, 1, NULL, 0, NULL),
(79, '20223213', 'MHU5D98', 'Saveiro', '2022-08-30 00:00:00', NULL, '#c2aba1', 1, 31, 0, '15', 1, NULL),
(80, '20223264', 'MLY9F17', 'HB20S', '2022-08-30 00:00:00', NULL, '#a2c187', 1, 34, 0, NULL, 0, NULL),
(81, '20223207', 'IYV5G08', 'Voyage', '2022-08-30 00:00:00', NULL, '#507545', 1, 48, 1, '15', 1, NULL),
(82, '20223267', 'MIV2848', 'Cruze', '2022-08-30 00:00:00', NULL, '#7376b0', 1, 67, 0, NULL, 0, NULL),
(83, '20223223', 'MHP6E95', 'Uno', '2022-08-30 00:00:00', NULL, '#a5435c', 1, 51, 0, NULL, 0, NULL),
(84, '20223291', 'MFQ6G32', 'Gol', '2022-08-30 00:00:00', NULL, '#6236c7', 0, NULL, 1, '7', 1, 'PT'),
(85, '20223292', 'MLD2784', 'Gol', '2022-08-30 00:00:00', NULL, '#b1848c', 1, 44, 1, NULL, 0, NULL),
(86, '1', 'test', 'teste', '2022-08-30 00:00:00', NULL, '#9a4bb1', 1, 64, 1, NULL, 0, NULL),
(87, '20223294', 'NUG7I44', 'Polo', '2022-08-30 00:00:00', NULL, '#5377c7', 1, 69, 1, NULL, 0, NULL),
(88, '20223295', 'ATG6746', 'Punto', '2022-08-30 00:00:00', NULL, '#4ea450', 1, 73, 1, NULL, 0, NULL),
(89, '20223296', 'QJT0I00', 'Cruze', '2022-08-30 00:00:00', NULL, '#5e9bbf', 1, 32, 1, NULL, 0, NULL),
(90, '20223297', 'MLU9908', 'SAVEIRO', '2022-08-31 00:00:00', NULL, '#c45597', 1, 67, 0, '7', 1, NULL),
(91, '20223300', 'MIO9F28', 'Corsa', '2022-08-31 00:00:00', NULL, '#8d8544', 1, 39, 0, '15', 1, NULL),
(92, '20223301', 'MJG7816', 'BIZ', '2022-08-31 00:00:00', NULL, '#396397', 0, NULL, 1, NULL, 0, 'finalizar'),
(93, '20223302', 'OKG5513', 'RANGER', '2022-08-31 00:00:00', NULL, '#6b4946', 1, 67, 1, NULL, 0, NULL),
(94, '20223302', 'RKZ1C11', 'STRADA', '2022-08-31 00:00:00', NULL, '#7b7175', 1, 67, 1, NULL, 0, NULL),
(95, '20223304', 'OPE2766', 'UNO', '2022-09-01 00:00:00', NULL, '#4639a4', 1, 60, 1, NULL, 0, NULL),
(96, '20223304', 'QHY6636', 'MOBI', '2022-09-01 00:00:00', NULL, '#67367d', 1, 39, 0, NULL, 0, NULL),
(97, '20223307', 'PZE3A32', 'Corolla', '2022-09-02 00:00:00', NULL, '#c264c2', 1, 34, 0, '7', 1, NULL),
(98, '20223308', 'EVO1B14', 'CIVIC', '2022-09-02 00:00:00', NULL, '#3d696e', 1, 34, 1, NULL, 0, NULL),
(99, '20223310', 'QHI4626', 'CG 150', '2022-09-02 00:00:00', NULL, '#6ab3b5', 1, 75, 0, NULL, 0, NULL),
(100, '20223310', 'MFP9C37', 'CORSA', '2022-09-05 00:00:00', NULL, '#789044', 1, 42, 0, NULL, 0, NULL),
(101, '20223311', 'MLG9759', 'PALIO', '2022-09-05 00:00:00', NULL, '#3db63c', 1, 38, 0, NULL, 0, NULL),
(102, '20223303', 'MIU3028', 'Agile', '2022-09-05 00:00:00', NULL, '#a1a57a', 1, 62, 1, NULL, 0, NULL),
(103, '20223312', 'MIM9098', 'Polo', '2022-09-06 00:00:00', NULL, '#b89d83', 1, 40, 0, '7', 1, NULL),
(104, '20223313', 'IVS9D92', 'FUSION', '2022-09-06 00:00:00', NULL, '#bb4b50', 1, 55, 0, NULL, 0, NULL),
(105, '20223314', 'MLN2G63', 'CRUZE', '2022-09-06 00:00:00', NULL, '#79a399', 1, 76, 0, NULL, 0, NULL),
(106, '20223315', 'HIQ0H98', 'FOCUS', '2022-09-06 00:00:00', NULL, '#989a3b', 1, 39, 1, '15', 1, NULL),
(107, '20223316', 'MCU2B29', 'STRADA', '2022-09-06 00:00:00', NULL, '#3d9856', 1, 67, 0, '7', 0, NULL),
(108, '20223316', 'FLT5819', 'POLO', '2022-09-06 00:00:00', NULL, '#403b7b', 1, 42, 0, NULL, 0, NULL),
(109, '20223317', 'MIG7657', 'TR4', '2022-09-06 00:00:00', NULL, '#ba343c', 1, 40, 0, NULL, 0, NULL),
(110, '20223317', 'MCX9569', 'CELTA', '2022-09-06 00:00:00', NULL, '#783782', 1, 42, 0, NULL, 0, NULL),
(111, '20223318', 'MHW6021', 'VOYAGE', '2022-09-06 00:00:00', NULL, '#8ea75b', 1, 39, 0, NULL, 0, NULL),
(112, '1', 'BDD8D65', 'CG 160', '2022-09-06 00:00:00', NULL, '#c1b255', 1, 77, 1, NULL, 0, NULL),
(113, '20223303', 'RAF0760', 'HB20', '2022-09-06 00:00:00', NULL, '#c3975b', 1, 50, 1, NULL, 0, NULL),
(114, '20223319', 'JAV6G45', 'C4', '2022-09-06 00:00:00', NULL, '#5bb83f', 0, NULL, 1, NULL, 0, '.'),
(115, '20223320', 'EJX6410', 'CG 160', '2022-09-06 00:00:00', NULL, '#bfb36a', 1, 74, 0, NULL, 0, NULL),
(116, '20223321', 'MDA9125', 'CG 150', '2022-09-06 00:00:00', NULL, '#3e5fad', 1, 84, 0, NULL, 0, NULL),
(117, '20223322', 'MJX7933', 'STRADA', '2022-09-08 00:00:00', NULL, '#4ec782', 1, 41, 0, NULL, 0, NULL),
(118, '20223322', 'QJW7039', 'DUSTER', '2022-09-08 00:00:00', NULL, '#acacb0', 1, 34, 0, NULL, 0, NULL),
(119, '20223323', 'MHT9J41', 'GOL', '2022-09-08 00:00:00', NULL, '#a2c08a', 0, NULL, 1, NULL, 0, 'PT'),
(120, '20223324', 'MJZ0B41', '118IA', '2022-09-08 00:00:00', NULL, '#4d568c', 1, 34, 0, NULL, 0, NULL),
(121, '20223327', 'ATG7B12', 'SIENA', '2022-09-08 00:00:00', NULL, '#5e4043', 1, 37, 0, NULL, 0, NULL),
(122, '20223326', 'MLQ6916', 'PRISMA', '2022-09-08 00:00:00', NULL, '#385f48', 1, 40, 0, NULL, 0, NULL),
(123, '20223219', 'MMA3637', 'CORSA', '2022-09-09 00:00:00', NULL, '#5f5b85', 0, NULL, 1, NULL, 0, 'pt'),
(124, '20223329', 'QQG8A23', 'ECOSPORT', '2022-09-09 00:00:00', NULL, '#c1843a', 1, 69, 0, NULL, 0, NULL),
(125, '20223329', 'MLT6126', 'SPIN', '2022-09-09 00:00:00', NULL, '#7dc83a', 1, 69, 0, NULL, 0, NULL),
(126, '20223330', 'OKG8569', 'CG 125', '2022-09-09 00:00:00', NULL, '#bc4483', 1, 75, 1, NULL, 0, NULL),
(127, '20223332', 'ATK1259', 'PUNTO', '2022-09-09 00:00:00', NULL, '#994781', 1, 37, 0, NULL, 0, NULL),
(128, '20223333', 'MHI1666', 'AGILE', '2022-09-09 00:00:00', NULL, '#925b79', 1, 39, 0, NULL, 0, NULL),
(129, '20223334', 'LYZ6F85', 'GOL 1000', '2022-09-09 00:00:00', NULL, '#bc9793', 1, 62, 1, NULL, 0, NULL),
(130, '20223335', 'MDY6327', 'PAJERO', '2022-09-12 00:00:00', NULL, '#a443ba', 1, 47, 0, NULL, 0, NULL),
(131, '20223336', 'PIH6F95', 'C3', '2022-09-12 00:00:00', NULL, '#5b8343', 1, 34, 0, '15', 0, NULL),
(132, '20223336', 'DRO3276', 'FIESTA', '2022-09-12 00:00:00', NULL, '#60b184', 1, 39, 0, NULL, 0, NULL),
(133, '20223337', 'MJT5637', 'PUNTO', '2022-09-13 00:00:00', 'NEGAR', '#bc9742', 0, NULL, 1, NULL, 0, 'NEGAR'),
(134, '20223337', 'DCW6055', 'A 160', '2022-09-13 00:00:00', 'NEGAR', '#ae464a', 0, NULL, 1, NULL, 0, 'NEGAR'),
(135, '20223338', 'QIQ8924', 'YBR', '2022-09-13 00:00:00', 'NEGAR', '#6db335', 1, 79, 0, NULL, 0, NULL),
(136, '20223339', 'ARY7C38', 'SAVEIRO', '2022-09-13 00:00:00', NULL, '#aeb173', 1, 80, 1, NULL, 0, NULL),
(137, '20223339', 'AZC8893', 'CITYCLASS', '2022-09-13 00:00:00', NULL, '#52904c', 1, 62, 0, NULL, 0, NULL),
(138, '20223340', 'RLM7G49', 'MASTER', '2022-09-13 00:00:00', NULL, '#72af8a', 1, NULL, 0, NULL, 0, NULL),
(139, '20223333', 'QJG9J61', 'CRETA', '2022-09-13 00:00:00', NULL, '#3fa378', 1, 72, 1, NULL, 0, NULL),
(140, '20223341', 'MJU3A17', 'CIVIC', '2022-09-13 00:00:00', NULL, '#6685a9', 1, 32, 0, NULL, 0, NULL),
(141, '20223341', 'QHD6312', 'NXR', '2022-09-13 00:00:00', NULL, '#43bbac', 1, 75, 0, NULL, 0, NULL),
(142, '20223343', 'DZA6A05', 'CIVIC', '2022-09-13 00:00:00', NULL, '#3d4d89', 1, NULL, 0, NULL, 0, NULL),
(143, '20223344', 'MIW5860', 'POLO', '2022-09-13 00:00:00', NULL, '#35623d', 1, 31, 0, NULL, 0, NULL),
(144, '20223345', 'MGU8605', 'FIT', '2022-09-13 00:00:00', NULL, '#849565', 0, NULL, 1, NULL, 0, 'NEGAR'),
(145, '20223347', 'MKX4D75', 'FIT', '2022-09-13 00:00:00', NULL, '#4f668d', 0, NULL, 1, '7', 1, 'ERRO'),
(146, '20223347', 'MKX4D75', 'SAVEIRO', '2022-09-13 00:00:00', NULL, '#a09fa4', 0, NULL, 1, '7', 1, 'NEGAR'),
(147, '20223347', 'QJY5B34', 'CIVIC', '2022-09-13 00:00:00', NULL, '#a27d42', 0, NULL, 1, NULL, 0, 'NEGAR'),
(148, '20223348', 'LYW2567', 'Gol', '2022-09-15 00:00:00', NULL, '#bf779b', 1, 62, 0, NULL, 0, NULL),
(149, '20223348', 'MHG7834', 'CG 150', '2022-09-15 00:00:00', NULL, '#3d7ec8', 1, 81, 1, NULL, 0, NULL),
(150, '20223349', 'MCG8696', 'gol', '2022-09-15 00:00:00', NULL, '#a17d50', 1, 48, 0, '7', 0, NULL),
(151, '20223351', 'MIW6H31', 'COROLLA', '2022-09-15 00:00:00', NULL, '#946e69', 1, 67, 0, NULL, 0, NULL),
(152, '20223352', 'QIS0G71', 'GOL', '2022-09-15 00:00:00', NULL, '#9c3c65', 1, 70, 0, NULL, 0, NULL),
(153, '20223353', 'OKE7I10', 'HB20S', '2022-09-15 00:00:00', NULL, '#bc5c58', 1, 34, 0, NULL, 0, NULL),
(154, '20223354', 'AUH1C82', 'STRADA', '2022-09-15 00:00:00', NULL, '#93bf33', 1, 31, 0, '7', 1, NULL),
(155, '20223357', 'QQI3H45', 'GOL', '2022-09-19 00:00:00', NULL, '#6e54a7', 1, 32, 0, NULL, 0, NULL),
(156, '20223358', 'LSE2I05', 'LANCER', '2022-09-19 00:00:00', NULL, '#9eb37b', 0, NULL, 0, NULL, 0, NULL),
(157, '20223359', 'MFT7795', 'SANDERO', '2022-09-19 00:00:00', NULL, '#368b3f', 1, 62, 0, NULL, 0, NULL),
(158, '20223360', 'MHT7523', 'CAPTIVA', '2022-09-20 00:00:00', NULL, '#c8bdc2', 0, NULL, 0, NULL, 0, NULL),
(159, '20223361', 'AUW3H04', 'FOX', '2022-09-20 00:00:00', NULL, '#7c5bac', 1, 83, 0, NULL, 0, NULL),
(160, '20223363', 'MCU6645', 'UNO', '2022-09-20 00:00:00', NULL, '#8b5170', 1, 62, 1, NULL, 0, NULL),
(161, '20223364', 'APZ0G21', 'KA', '2022-09-20 00:00:00', NULL, '#914369', 1, 35, 0, '15', 1, NULL),
(162, '20223365', 'PZR7201', 'KA', '2022-09-20 00:00:00', 'terc culpado', '#868374', 1, 33, 0, '15', 0, NULL),
(163, '2023366', 'MHN2E31', 'CG 150', '2022-09-21 00:00:00', 'PEDI RELATÓRIO', '#6c5d93', 0, NULL, 0, NULL, 0, NULL),
(164, '2023366', 'QJV6203', 'BIZ 125', '2022-09-21 00:00:00', NULL, '#483c9d', 0, NULL, 0, NULL, 0, NULL),
(165, '20223367', 'NSZ8E54', 'ASX', '2022-09-21 00:00:00', NULL, '#b5b593', 1, 55, 0, '15', 1, NULL),
(166, '20223367', 'QJU1I06', 'COROLLA', '2022-09-21 00:00:00', NULL, '#35924c', 1, 82, 0, NULL, 0, NULL),
(167, '20223370', 'QJI1455', 'COROLLA', '2022-09-22 00:00:00', NULL, '#944d3f', 1, 51, 0, NULL, 0, NULL),
(168, '20223371', 'MKC4A52', 'CLASSIC', '2022-09-23 00:00:00', 'TERC CULPADO', '#a17046', 1, 34, 0, '15', 0, NULL),
(169, '20223372', 'AYG7H67', 'FLUENCE', '2022-09-23 00:00:00', NULL, '#6b9e74', 0, NULL, 0, '7', 0, NULL),
(170, '20223373', 'PYI5288', 'KA', '2022-09-26 00:00:00', NULL, '#9f7546', 1, NULL, 0, NULL, 0, NULL),
(171, '20223374', 'QIO7J51', 'NEO', '2022-09-26 00:00:00', NULL, '#359e82', 0, NULL, 0, NULL, 0, NULL),
(172, '20223375', 'MLO9753', 'GOLF', '2022-09-26 00:00:00', NULL, '#488e42', 0, NULL, 0, NULL, 0, NULL),
(173, '20223376', 'DAY7J50', 'S10', '2022-09-26 00:00:00', 'FURTO', '#b2bdaa', 0, NULL, 0, '7', 1, NULL),
(174, '20223377', 'MLP9J17', 'GOL', '2022-09-26 00:00:00', NULL, '#709f62', 1, 86, 0, NULL, 0, NULL),
(175, '20223378', 'MKJ4F83', 'PALIO', '2022-09-26 00:00:00', NULL, '#497e79', 1, NULL, 0, NULL, 0, NULL),
(176, '20223379', 'QIB8G59', 'SANDERO', '2022-09-26 00:00:00', 'TERC CULPADO', '#9b8f5f', 1, 60, 0, NULL, 0, NULL),
(177, '20223381', 'MIS1H54', 'PALIO', '2022-09-26 00:00:00', NULL, '#499c69', 0, NULL, 0, NULL, 0, NULL),
(178, '20223380', 'QJZ7146', 'HILUX', '2022-09-27 00:00:00', NULL, '#53a143', 1, 51, 0, NULL, 0, NULL),
(179, '20223380', 'MHH4G35', 'STRADA', '2022-09-27 00:00:00', NULL, '#565a40', 1, 38, 0, NULL, 0, NULL),
(180, '20223383', 'QHH1782', 'GOL', '2022-09-28 00:00:00', 'NEGAR - RECUSOU BAFOMETRO', '#af9abd', 0, NULL, 1, NULL, 0, 'negadp'),
(181, '20223384', 'QPC8848', 'KA', '2022-09-28 00:00:00', NULL, '#598c84', 1, 51, 0, NULL, 0, NULL),
(182, '20223384', 'AUH2J14', 'RANGER', '2022-09-28 00:00:00', NULL, '#867f49', 1, 51, 0, NULL, 0, NULL),
(183, '20223386', 'RXL3E88', 'CIVIC', '2022-09-28 00:00:00', NULL, '#b0ae36', 1, NULL, 0, NULL, 0, NULL),
(184, '20223387', 'RLI7A43', 'VOYAGE', '2022-09-28 00:00:00', NULL, '#33b0b3', 1, NULL, 0, NULL, 0, NULL),
(185, '20223388', 'MMA2355', 'LOGAN', '2022-09-28 00:00:00', NULL, '#96ad82', 1, NULL, 0, '7', 0, NULL),
(186, '20223389', 'MDH7C25', 'CG 125', '2022-09-29 00:00:00', NULL, '#5b66aa', 1, NULL, 0, NULL, 0, NULL),
(187, '20223389', 'ISL4D56', 'GOL', '2022-09-29 00:00:00', NULL, '#449c4e', 1, NULL, 0, NULL, 0, NULL),
(188, '20223390', 'BCF2J60', 'KANGOO', '2022-09-29 00:00:00', NULL, '#614fc2', 1, NULL, 0, NULL, 0, NULL),
(189, '20223391', 'MFW2187', 'GOL', '2022-09-29 00:00:00', 'FURTO', '#a16b3a', 0, NULL, 0, '15', 1, NULL),
(190, '20223392', 'EYP1C94', 'J6', '2022-09-29 00:00:00', NULL, '#c3c1b3', 1, 39, 0, NULL, 0, NULL),
(191, '20223393', 'MJR7597', 'ELANTRA', '2022-09-29 00:00:00', NULL, '#b9868e', 1, NULL, 0, NULL, 0, NULL),
(192, '20223394', 'MGC0507', 'SANDERO', '2022-09-30 00:00:00', NULL, '#56437b', 0, NULL, 0, NULL, 0, NULL),
(193, '20223395', 'MLC8F08', 'STRADA', '2022-09-30 00:00:00', 'NEGAR - PARENTESCO', '#a33a33', 0, NULL, 0, NULL, 0, NULL),
(194, '20223399', 'MKA0984', 'MONTANA', '2022-10-04 00:00:00', NULL, '#618332', 0, NULL, 0, NULL, 0, NULL),
(195, '20223399', 'EJZ5I81', 'MINIBUS', '2022-10-04 00:00:00', NULL, '#b93a6b', 0, NULL, 0, NULL, 0, NULL),
(196, '20223400', 'BIA4295', 'JETTA', '2022-10-04 00:00:00', NULL, '#827632', 0, NULL, 0, NULL, 0, NULL),
(197, '20223401', 'MLW6455', 'GOL', '2022-10-04 00:00:00', NULL, '#a2bd7e', 0, NULL, 0, '15', 0, NULL),
(198, '20223402', 'AKU5C92', 'GOL', '2022-10-04 00:00:00', NULL, '#438f43', 0, NULL, 0, NULL, 0, NULL),
(199, '20223403', 'MHU5G94', 'VOYAGE', '2022-10-04 00:00:00', NULL, '#6ec570', 0, NULL, 0, NULL, 0, NULL),
(200, '20223405', 'EKK8673', 'ECOSPORT', '2022-10-04 00:00:00', NULL, '#5b8093', 0, NULL, 0, NULL, 0, NULL),
(201, '20223405', 'MKU4G80', 'TRACKER', '2022-10-04 00:00:00', NULL, '#c633b5', 0, NULL, 0, NULL, 0, NULL),
(202, '20223408', 'APR0B09', 'PAJERO', '2022-10-05 00:00:00', NULL, '#c89e73', 0, NULL, 0, '7', 0, NULL),
(203, '20223408', 'MDU3612', 'CORSA', '2022-10-05 00:00:00', NULL, '#a537bc', 0, NULL, 0, NULL, 0, NULL),
(204, '20223403', 'MES8079', 'GOL', '2022-10-05 00:00:00', NULL, '#934d53', 0, NULL, 0, NULL, 0, NULL),
(205, '20223410', 'MIX0F37', 'GOL', '2022-10-06 00:00:00', NULL, '#8b40c0', 0, NULL, 0, NULL, 0, NULL),
(206, '20223411', 'MIV2503', 'C3', '2022-10-06 00:00:00', NULL, '#c44f62', 0, NULL, 0, '7', 0, NULL),
(207, '20223411', 'MDS6H62', 'TECTOR', '2022-10-06 00:00:00', NULL, '#c3616c', 0, NULL, 0, NULL, 0, NULL),
(208, '20223414', 'AWT8385', 'JETTA', '2022-10-07 00:00:00', NULL, '#5d574e', 0, NULL, 0, NULL, 0, NULL),
(209, '20223415', 'FKM9J79', 'JETTA', '2022-10-07 00:00:00', NULL, '#5f3887', 0, NULL, 0, NULL, 0, NULL),
(210, '20223417', 'DWL4061', 'FOX', '2022-10-07 00:00:00', NULL, '#405e93', 0, NULL, 0, NULL, 0, NULL),
(211, '20223419', 'FSP3C05', 'GOLF', '2022-10-07 00:00:00', NULL, '#5f7ac1', 0, NULL, 0, '7', 0, NULL);

-- --------------------------------------------------------

--
-- Estrutura para tabela `mecanicas`
--

CREATE TABLE `mecanicas` (
  `id` int(11) NOT NULL,
  `nome` varchar(255) NOT NULL,
  `cidade` varchar(255) NOT NULL,
  `cor` varchar(255) DEFAULT NULL,
  `qtd` int(11) DEFAULT 0
) ENGINE=InnoDB DEFAULT CHARSET=utf8mb4;

--
-- Despejando dados para a tabela `mecanicas`
--

INSERT INTO `mecanicas` (`id`, `nome`, `cidade`, `cor`, `qtd`) VALUES
(31, 'Chapeação Perin', 'Tubarão', NULL, 7),
(32, 'Chapeação Aparecida', 'Tubarão', NULL, 6),
(33, 'Chapeação Original Car ', 'Tubarão', NULL, 2),
(34, 'Chapeação Podium ', 'Tubarão', NULL, 14),
(35, 'Chapeação Cesca', 'Tubarão', NULL, 3),
(36, 'Chapeação Tiglio ', 'Tubarão', NULL, 0),
(37, 'Chapeação Artur ', 'Tubarão', NULL, 7),
(38, 'Chapeação As Soares', 'Tubarão', NULL, 3),
(39, 'Chapeação Auto Prime', 'Tubarão', NULL, 11),
(40, 'Chapeação Vanz ', 'Tubarão', NULL, 6),
(41, 'Chapeação Auto Técnica ', 'Tubarão', NULL, 4),
(42, 'Chapeação Rota Car', 'Tubarão', NULL, 7),
(43, 'Chapeação Viero Car', 'Videira', NULL, 2),
(44, 'Chapeação Tiglio', 'Treze Tilias', NULL, 2),
(45, 'Chapeação Valério', 'Mafra', NULL, 1),
(46, 'Chapeação Júnior', 'Tubarão', NULL, 0),
(47, 'Chapeação Moreira', '.', NULL, 1),
(48, 'Chapeação Sari', '.', NULL, 4),
(49, 'Chapeação Carvalho', '.', NULL, 0),
(50, 'Chapeação MD', '.', NULL, 5),
(51, 'Chapeação Fenix', 'Canoinhas', NULL, 6),
(52, 'Chapeação Bartolo', 'Irani', NULL, 2),
(53, 'Chapeação Zampirão', 'Água Doce', NULL, 0),
(54, 'Chapeação Roger', '.', NULL, 0),
(55, 'Chapeação Fabian', 'Caçador', NULL, 3),
(56, 'Chapeação Borba', '.', NULL, 1),
(57, 'Chapeação Romanio', 'Papanduvas', NULL, 1),
(58, 'Chapeação Scalabrin', '.', NULL, 1),
(59, 'Chapeação Macuris', '.', NULL, 1),
(60, 'Chapeação Auto Técnica', 'Luzerna', NULL, 2),
(61, 'Chapeação Turek', '.', NULL, 1),
(62, 'Chapeação Pacheco', '.', NULL, 8),
(63, 'Chapeação Kusmann', ';', NULL, 2),
(64, 'Chapeação 4 Amigos', '.', NULL, 2),
(65, 'Chapeação Mendes', '.', NULL, 2),
(66, 'Chapeação A1', '.', NULL, 1),
(67, 'Chapeação Canvel', 'Campos Novos', NULL, 9),
(68, 'Chapeação Dijan', '.', NULL, 1),
(69, 'Chapeação Space Car', '.', NULL, 4),
(70, 'Chapeação PJ Car', 'Campos Novos', NULL, 2),
(71, 'Maninho Motos', 'Itajai', NULL, 1),
(72, 'Chapeação Vip Car', 'Florianópolis', NULL, 2),
(73, 'Chapeação Tomacheski', 'Lebon Regis', NULL, 1),
(74, 'Oficina Yamaha', 'Joaçaba', NULL, 3),
(75, 'Oficina Motoshow', 'Joaçaba', NULL, 4),
(76, 'Chapeação Gustavo', 'General Carneiro', NULL, 2),
(77, 'Oficina Paiol', 'Curitiba', NULL, 1),
(78, 'Chapeação Mecar', 'Guarapuava', NULL, 1),
(79, 'Oficina Dias', 'Campos Novos', NULL, 1),
(80, 'Chapeação Cartec', 'Fraiburgo', NULL, 1),
(81, 'Oficina Batata', 'Fraiburgo', NULL, 1),
(82, 'Chapeação Ideal', 'Xanxere', NULL, 1),
(83, 'Chapeação Restauracar', 'União da Vitória', NULL, 1),
(84, 'Oficina Alexandro', 'Mafra', NULL, 1),
(85, 'Chapeação Ideal', 'Xanxere', NULL, 0),
(86, 'Chapeação Chiarelo', 'Caçador', NULL, 1);

-- --------------------------------------------------------

--
-- Estrutura para tabela `orcamentos`
--

CREATE TABLE `orcamentos` (
  `id` int(11) NOT NULL,
  `aprovado` tinyint(1) DEFAULT 0,
  `mecanica_id` int(11) NOT NULL,
  `evento_id` int(11) NOT NULL,
  `retorno_id` int(11) DEFAULT NULL,
  `created_at` date DEFAULT NULL,
  `updated_at` date DEFAULT NULL
) ENGINE=InnoDB DEFAULT CHARSET=utf8mb4;

--
-- Despejando dados para a tabela `orcamentos`
--

INSERT INTO `orcamentos` (`id`, `aprovado`, `mecanica_id`, `evento_id`, `retorno_id`, `created_at`, `updated_at`) VALUES
(1, 1, 31, 48, NULL, '2022-08-29', '2022-08-29'),
(2, 1, 40, 2, NULL, '2022-08-29', '2022-08-29'),
(3, 1, 43, 3, NULL, '2022-08-29', '2022-08-29'),
(4, 1, 55, 5, NULL, '2022-08-29', '2022-08-29'),
(5, 1, 56, 6, NULL, '2022-08-29', '2022-08-29'),
(6, 1, 50, 7, NULL, '2022-08-29', '2022-08-29'),
(7, 1, 57, 8, NULL, '2022-08-29', '2022-08-29'),
(8, 1, 43, 9, NULL, '2022-08-29', '2022-08-29'),
(9, 1, 44, 10, NULL, '2022-08-29', '2022-08-29'),
(10, 1, 42, 11, NULL, '2022-08-29', '2022-08-29'),
(11, 1, 34, 12, NULL, '2022-08-29', '2022-08-29'),
(12, 1, 50, 13, NULL, '2022-08-29', '2022-08-29'),
(13, 1, 58, 14, NULL, '2022-08-29', '2022-08-29'),
(14, 1, 59, 15, NULL, '2022-08-29', '2022-08-29'),
(15, 1, 42, 16, NULL, '2022-08-29', '2022-08-29'),
(16, 1, 50, 17, NULL, '2022-08-29', '2022-08-29'),
(17, 1, 41, 18, NULL, '2022-08-29', '2022-08-29'),
(18, 1, 61, 19, NULL, '2022-08-29', '2022-08-29'),
(19, 1, 32, 20, NULL, '2022-08-29', '2022-08-29'),
(20, 1, 33, 21, NULL, '2022-08-29', '2022-08-29'),
(21, 1, 39, 22, NULL, '2022-08-29', '2022-08-29'),
(22, 1, 62, 23, NULL, '2022-08-29', '2022-08-29'),
(23, 1, 35, 24, NULL, '2022-08-29', '2022-08-29'),
(24, 1, 39, 25, NULL, '2022-08-29', '2022-08-29'),
(25, 1, 63, 26, NULL, '2022-08-29', '2022-08-29'),
(26, 1, 64, 27, NULL, '2022-08-29', '2022-08-29'),
(27, 1, 31, 28, NULL, '2022-08-29', '2022-08-29'),
(28, 1, 31, 29, NULL, '2022-08-29', '2022-08-29'),
(29, 1, 43, 29, NULL, '2022-08-29', '2022-08-29'),
(30, 1, 41, 30, NULL, '2022-08-29', '2022-08-29'),
(31, 1, 65, 31, NULL, '2022-08-29', '2022-08-29'),
(32, 1, 66, 32, NULL, '2022-08-29', '2022-08-29'),
(33, 1, 65, 33, NULL, '2022-08-29', '2022-08-29'),
(34, 1, 67, 34, NULL, '2022-08-29', '2022-08-29'),
(35, 1, 34, 35, NULL, '2022-08-29', '2022-08-29'),
(36, 1, 34, 36, NULL, '2022-08-29', '2022-08-29'),
(37, 1, 42, 37, NULL, '2022-08-29', '2022-08-29'),
(38, 1, 37, 38, NULL, '2022-08-29', '2022-08-29'),
(39, 1, 51, 39, NULL, '2022-08-29', '2022-08-29'),
(40, 1, 62, 40, NULL, '2022-08-29', '2022-08-29'),
(41, 1, 39, 41, NULL, '2022-08-29', '2022-08-29'),
(42, 1, 68, 42, NULL, '2022-08-29', '2022-08-29'),
(43, 1, 67, 43, NULL, '2022-08-29', '2022-08-29'),
(44, 1, 69, 44, NULL, '2022-08-29', '2022-08-29'),
(45, 1, 31, 45, NULL, '2022-08-29', '2022-08-29'),
(46, 1, 39, 46, NULL, '2022-08-29', '2022-08-29'),
(47, 1, 42, 47, NULL, '2022-08-29', '2022-08-29'),
(48, 1, 37, 4, NULL, '2022-08-29', '2022-08-29'),
(49, 1, 70, 71, NULL, '2022-08-30', '2022-08-31'),
(50, 1, 52, 72, NULL, '2022-08-30', '2022-08-31'),
(51, 1, 71, 73, NULL, '2022-08-30', '2022-09-06'),
(52, 1, 45, 74, NULL, '2022-08-30', '2022-09-02'),
(53, 1, 50, 75, NULL, '2022-08-30', '2022-09-06'),
(54, 1, 35, 76, NULL, '2022-08-30', '2022-08-31'),
(55, 1, 40, 77, NULL, '2022-08-30', '2022-08-30'),
(56, 1, 72, 78, NULL, '2022-08-30', '2022-08-30'),
(57, 1, 31, 79, NULL, '2022-08-30', '2022-09-09'),
(58, 1, 34, 80, NULL, '2022-08-30', '2022-09-06'),
(59, 1, 48, 81, NULL, '2022-08-30', '2022-09-06'),
(60, 1, 67, 82, NULL, '2022-08-30', '2022-08-30'),
(61, 1, 51, 83, NULL, '2022-08-30', '2022-08-30'),
(62, 1, 64, 86, NULL, '2022-08-30', '2022-08-30'),
(63, 1, 38, 54, NULL, '2022-08-30', '2022-09-06'),
(64, 1, 48, 52, NULL, '2022-08-30', '2022-08-31'),
(65, 1, 48, 58, NULL, '2022-08-30', '2022-09-06'),
(66, 1, 32, 89, NULL, '2022-08-30', '2022-08-31'),
(67, 1, 63, 51, NULL, '2022-08-30', '2022-08-31'),
(68, 1, 69, 87, NULL, '2022-08-30', '2022-09-01'),
(69, 1, 44, 85, NULL, '2022-08-30', '2022-09-06'),
(70, 1, 52, 70, NULL, '2022-08-30', '2022-08-31'),
(71, 1, 34, 68, NULL, '2022-08-30', '2022-08-31'),
(72, 1, 40, 63, NULL, '2022-08-30', '2022-09-13'),
(73, 1, 67, 56, NULL, '2022-08-30', '2022-09-08'),
(74, 1, 37, 59, NULL, '2022-08-30', '2022-09-30'),
(75, 1, 73, 88, NULL, '2022-08-31', '2022-09-01'),
(76, 1, 74, 69, NULL, '2022-08-31', '2022-09-08'),
(77, 1, 75, 53, NULL, '2022-08-31', '2022-09-08'),
(78, 1, 76, 65, NULL, '2022-08-31', '2022-09-15'),
(79, 1, 74, 61, NULL, '2022-08-31', '2022-09-06'),
(80, 1, 67, 90, NULL, '2022-08-31', '2022-09-01'),
(81, 1, 42, 100, NULL, '2022-09-05', '2022-09-06'),
(82, 1, 75, 99, NULL, '2022-09-05', '2022-09-08'),
(83, 1, 34, 98, NULL, '2022-09-05', '2022-09-20'),
(84, 1, 34, 97, NULL, '2022-09-05', '2022-09-08'),
(85, 1, 39, 91, NULL, '2022-09-05', '2022-09-08'),
(86, 1, 39, 96, NULL, '2022-09-05', '2022-09-13'),
(87, 1, 60, 95, NULL, '2022-09-05', '2022-09-06'),
(88, 1, 62, 102, NULL, '2022-09-05', '2022-09-08'),
(89, 1, 67, 94, NULL, '2022-09-05', '2022-09-05'),
(90, 1, 67, 93, NULL, '2022-09-05', '2022-09-08'),
(91, 1, 38, 101, NULL, '2022-09-05', '2022-09-06'),
(92, 1, 77, 61, NULL, '2022-09-06', '2022-09-06'),
(93, 1, 77, 112, NULL, '2022-09-06', '2022-09-06'),
(94, 1, 50, 113, NULL, '2022-09-06', '2022-09-06'),
(95, 1, 62, 129, NULL, '2022-09-09', '2022-09-09'),
(96, 1, 39, 128, NULL, '2022-09-09', '2022-09-14'),
(97, 1, 39, 106, NULL, '2022-09-09', '2022-09-15'),
(98, 1, 40, 109, NULL, '2022-09-09', '2022-09-20'),
(99, 1, 40, 103, NULL, '2022-09-09', '2022-09-20'),
(100, 1, 40, 122, NULL, '2022-09-09', '2022-09-13'),
(101, 1, 55, 104, NULL, '2022-09-09', '2022-09-14'),
(102, 1, 67, 107, NULL, '2022-09-09', '2022-09-12'),
(103, 1, 42, 110, NULL, '2022-09-09', '2022-09-12'),
(104, 1, 42, 108, NULL, '2022-09-09', '2022-09-12'),
(105, 1, 34, 118, NULL, '2022-09-09', '2022-09-15'),
(106, 1, 34, 120, NULL, '2022-09-09', '2022-10-06'),
(107, 1, 41, 117, NULL, '2022-09-09', '2022-09-20'),
(108, 1, 69, 125, NULL, '2022-09-09', '2022-09-15'),
(109, 1, 69, 124, NULL, '2022-09-09', '2022-09-12'),
(110, 1, 75, 126, NULL, '2022-09-09', '2022-09-21'),
(111, 1, 37, 121, NULL, '2022-09-09', '2022-09-14'),
(112, 1, 37, 127, NULL, '2022-09-09', '2022-09-15'),
(113, 1, 76, 105, NULL, '2022-09-09', '2022-09-20'),
(114, 1, 78, 62, NULL, '2022-09-15', '2022-09-15'),
(115, 1, 31, 154, NULL, '2022-09-16', '2022-09-21'),
(116, 1, 31, 143, NULL, '2022-09-16', '2022-09-29'),
(117, 1, 47, 130, NULL, '2022-09-16', '2022-09-21'),
(118, 1, 39, 132, NULL, '2022-09-16', '2022-09-30'),
(119, 1, 79, 135, NULL, '2022-09-16', '2022-09-23'),
(120, 1, 80, 136, NULL, '2022-09-16', '2022-09-30'),
(121, 1, 72, 139, NULL, '2022-09-16', '2022-09-23'),
(122, 1, 75, 141, NULL, '2022-09-16', '2022-09-16'),
(123, 1, 32, 140, NULL, '2022-09-16', '2022-09-20'),
(124, 1, 34, 131, NULL, '2022-09-16', '2022-09-16'),
(125, 0, 34, 142, NULL, '2022-09-16', '2022-09-16'),
(126, 1, 34, 153, NULL, '2022-09-16', '2022-09-16'),
(127, 1, 81, 149, NULL, '2022-09-16', '2022-09-22'),
(128, 0, 62, 138, NULL, '2022-09-16', '2022-09-16'),
(129, 1, 62, 148, NULL, '2022-09-16', '2022-09-19'),
(130, 1, 48, 150, NULL, '2022-09-16', '2022-09-20'),
(131, 1, 67, 151, NULL, '2022-09-16', '2022-09-19'),
(132, 1, 70, 152, NULL, '2022-09-16', '2022-09-21'),
(133, 1, 62, 137, NULL, '2022-09-22', '2022-09-22'),
(134, 1, 32, 155, NULL, '2022-09-22', '2022-09-27'),
(135, 1, 62, 157, NULL, '2022-09-22', '2022-09-27'),
(136, 1, 33, 162, NULL, '2022-09-22', '2022-09-27'),
(137, 1, 35, 161, NULL, '2022-09-22', '2022-09-28'),
(138, 1, 62, 160, NULL, '2022-09-22', '2022-09-30'),
(139, 1, 55, 165, NULL, '2022-09-22', '2022-09-26'),
(140, 1, 39, 111, NULL, '2022-09-22', '2022-09-26'),
(141, 1, 83, 159, NULL, '2022-09-22', '2022-09-27'),
(142, 1, 74, 115, NULL, '2022-09-22', '2022-09-30'),
(143, 1, 84, 116, NULL, '2022-09-22', '2022-09-22'),
(144, 1, 82, 166, NULL, '2022-09-27', '2022-09-27'),
(145, 1, 38, 179, NULL, '2022-09-27', '2022-09-30'),
(146, 1, 51, 167, NULL, '2022-09-30', '2022-09-30'),
(147, 1, 51, 182, NULL, '2022-09-30', '2022-09-30'),
(148, 1, 51, 181, NULL, '2022-09-30', '2022-09-30'),
(149, 1, 34, 168, NULL, '2022-10-03', '2022-10-07'),
(150, 0, 79, 186, NULL, '2022-10-03', '2022-10-03'),
(151, 1, 86, 174, NULL, '2022-10-03', '2022-10-04'),
(152, 0, 67, 191, NULL, '2022-10-03', '2022-10-03'),
(153, 1, 39, 190, NULL, '2022-10-03', '2022-10-04'),
(154, 0, 39, 185, NULL, '2022-10-03', '2022-10-03'),
(155, 0, 35, 188, NULL, '2022-10-03', '2022-10-03'),
(156, 0, 70, 187, NULL, '2022-10-03', '2022-10-03'),
(157, 0, 34, 184, NULL, '2022-10-03', '2022-10-03'),
(158, 0, 55, 183, NULL, '2022-10-03', '2022-10-03'),
(159, 1, 51, 178, NULL, '2022-10-03', '2022-10-10'),
(160, 1, 60, 176, NULL, '2022-10-03', '2022-10-04'),
(161, 0, 44, 175, NULL, '2022-10-03', '2022-10-03'),
(162, 0, 52, 170, NULL, '2022-10-03', '2022-10-03');

-- --------------------------------------------------------

--
-- Estrutura para tabela `orcamento_observacaos`
--

CREATE TABLE `orcamento_observacaos` (
  `id` int(11) NOT NULL,
  `observacao` varchar(255) NOT NULL,
  `orcamento_id` int(11) NOT NULL,
  `created_at` date DEFAULT NULL,
  `updated_at` date DEFAULT NULL,
  `hora` time DEFAULT NULL
) ENGINE=InnoDB DEFAULT CHARSET=utf8mb4;

--
-- Despejando dados para a tabela `orcamento_observacaos`
--

INSERT INTO `orcamento_observacaos` (`id`, `observacao`, `orcamento_id`, `created_at`, `updated_at`, `hora`) VALUES
(1, 'Chapeação Canvel', 34, '2022-08-29', '2022-08-29', '15:01:01');

-- --------------------------------------------------------

--
-- Estrutura para tabela `recebimentos`
--

CREATE TABLE `recebimentos` (
  `id` int(11) NOT NULL,
  `finalizado` tinyint(1) DEFAULT 0,
  `data_limite` int(11) NOT NULL,
  `evento_id` int(11) DEFAULT NULL,
  `retorno_id` int(11) DEFAULT NULL,
  `mecanica_id` int(11) DEFAULT NULL,
  `created_at` date DEFAULT NULL,
  `updated_at` date DEFAULT NULL
) ENGINE=InnoDB DEFAULT CHARSET=utf8mb4;

--
-- Despejando dados para a tabela `recebimentos`
--

INSERT INTO `recebimentos` (`id`, `finalizado`, `data_limite`, `evento_id`, `retorno_id`, `mecanica_id`, `created_at`, `updated_at`) VALUES
(1, 1, 15, 48, NULL, 31, '2022-08-29', '2022-08-29'),
(2, 1, 15, 2, NULL, 40, '2022-08-29', '2022-08-29'),
(3, 1, 15, 3, NULL, 43, '2022-08-29', '2022-08-29'),
(4, 1, 15, 31, NULL, 65, '2022-08-29', '2022-08-29'),
(5, 1, 15, 13, NULL, 50, '2022-08-29', '2022-08-29'),
(6, 1, 15, 5, NULL, 55, '2022-08-29', '2022-08-29'),
(7, 1, 15, 6, NULL, 56, '2022-08-29', '2022-08-29'),
(8, 1, 15, 9, NULL, 43, '2022-08-29', '2022-08-29'),
(9, 1, 15, 8, NULL, 57, '2022-08-29', '2022-08-29'),
(10, 1, 15, 11, NULL, 42, '2022-08-29', '2022-08-29'),
(11, 1, 15, 10, NULL, 44, '2022-08-29', '2022-08-29'),
(12, 1, 15, 25, NULL, 39, '2022-08-29', '2022-08-29'),
(13, 1, 15, 12, NULL, 34, '2022-08-29', '2022-08-29'),
(14, 1, 15, 38, NULL, 37, '2022-08-29', '2022-08-29'),
(15, 1, 15, 26, NULL, 63, '2022-08-29', '2022-08-29'),
(16, 1, 15, 14, NULL, 58, '2022-08-29', '2022-08-29'),
(17, 1, 15, 7, NULL, 50, '2022-08-29', '2022-08-29'),
(18, 1, 15, 29, NULL, 31, '2022-08-29', '2022-08-29'),
(19, 1, 15, 23, NULL, 62, '2022-08-29', '2022-08-29'),
(20, 1, 15, 15, NULL, 59, '2022-08-29', '2022-08-29'),
(21, 1, 15, 16, NULL, 42, '2022-08-29', '2022-08-29'),
(22, 1, 15, 17, NULL, 50, '2022-08-29', '2022-08-29'),
(23, 1, 15, 18, NULL, 41, '2022-08-29', '2022-08-29'),
(24, 1, 15, 19, NULL, 61, '2022-08-29', '2022-08-29'),
(25, 1, 15, 20, NULL, 32, '2022-08-29', '2022-08-29'),
(26, 1, 15, 21, NULL, 33, '2022-08-29', '2022-08-29'),
(27, 1, 15, 22, NULL, 39, '2022-08-29', '2022-08-29'),
(28, 1, 15, 24, NULL, 35, '2022-08-29', '2022-08-29'),
(29, 1, 15, 43, NULL, 67, '2022-08-29', '2022-08-29'),
(30, 1, 15, 39, NULL, 51, '2022-08-29', '2022-08-29'),
(31, 1, 15, 36, NULL, 34, '2022-08-29', '2022-08-29'),
(32, 1, 15, 28, NULL, 31, '2022-08-29', '2022-08-29'),
(33, 1, 15, 37, NULL, 42, '2022-08-29', '2022-08-29'),
(34, 1, 15, 30, NULL, 41, '2022-08-29', '2022-08-29'),
(35, 1, 15, 32, NULL, 66, '2022-08-29', '2022-08-29'),
(36, 1, 15, 33, NULL, 65, '2022-08-29', '2022-08-29'),
(37, 1, 15, 34, NULL, 67, '2022-08-29', '2022-08-29'),
(38, 1, 15, 35, NULL, 34, '2022-08-29', '2022-08-29'),
(39, 1, 15, 4, NULL, 37, '2022-08-29', '2022-08-29'),
(40, 1, 15, 40, NULL, 62, '2022-08-29', '2022-08-29'),
(41, 1, 15, 41, NULL, 39, '2022-08-29', '2022-08-29'),
(42, 1, 15, 42, NULL, 68, '2022-08-29', '2022-08-29'),
(43, 1, 15, 27, NULL, 64, '2022-08-29', '2022-08-29'),
(44, 1, 15, 44, NULL, 69, '2022-08-29', '2022-08-29'),
(45, 1, 15, 45, NULL, 31, '2022-08-29', '2022-08-29'),
(46, 1, 15, 46, NULL, 39, '2022-08-29', '2022-08-29'),
(47, 1, 15, 47, NULL, 42, '2022-08-29', '2022-08-29'),
(48, 1, 10, 86, NULL, 64, '2022-08-30', '2022-08-30'),
(49, 1, 15, 82, NULL, 67, '2022-08-30', '2022-09-16'),
(50, 1, 1, 76, NULL, 35, '2022-08-31', '2022-09-02'),
(51, 1, 3, 71, NULL, 70, '2022-08-31', '2022-09-05'),
(52, 1, 1, 51, NULL, 63, '2022-09-01', '2022-09-01'),
(53, 1, 7, 83, NULL, 51, '2022-09-01', '2022-09-15'),
(54, 1, 1, 88, NULL, 73, '2022-09-01', '2022-09-01'),
(55, 1, 3, 89, NULL, 32, '2022-09-02', '2022-09-06'),
(56, 1, 2, 78, NULL, 72, '2022-09-02', '2022-09-06'),
(57, 0, 10, 74, NULL, 45, '2022-09-02', '2022-09-02'),
(58, 1, 3, 68, NULL, 34, '2022-09-02', '2022-09-05'),
(59, 1, 2, 52, NULL, 48, '2022-09-05', '2022-09-05'),
(60, 1, 3, 87, NULL, 69, '2022-09-06', '2022-09-09'),
(61, 1, 5, 73, NULL, 71, '2022-09-06', '2022-09-06'),
(62, 1, 2, 61, NULL, 74, '2022-09-06', '2022-09-06'),
(63, 1, 2, 112, NULL, 77, '2022-09-06', '2022-09-06'),
(64, 1, 4, 58, NULL, 48, '2022-09-06', '2022-10-05'),
(65, 1, 3, 77, NULL, 40, '2022-09-06', '2022-09-15'),
(66, 1, 5, 75, NULL, 50, '2022-09-06', '2022-09-13'),
(67, 1, 1, 102, NULL, 62, '2022-09-08', '2022-09-09'),
(68, 1, 7, 94, NULL, 67, '2022-09-08', '2022-10-03'),
(69, 0, 7, 90, NULL, 67, '2022-09-08', '2022-09-08'),
(70, 0, 2, 91, NULL, 39, '2022-09-08', '2022-09-08'),
(71, 1, 1, 113, NULL, 50, '2022-09-08', '2022-09-08'),
(72, 1, 1, 95, NULL, 60, '2022-09-08', '2022-09-08'),
(73, 1, 2, 69, NULL, 74, '2022-09-08', '2022-09-08'),
(74, 1, 2, 85, NULL, 44, '2022-09-08', '2022-09-13'),
(75, 0, 1, 100, NULL, 42, '2022-09-09', '2022-09-09'),
(76, 1, 1, 81, NULL, 48, '2022-09-09', '2022-09-09'),
(77, 0, 3, 56, NULL, 67, '2022-09-09', '2022-09-09'),
(78, 0, 2, 70, NULL, 52, '2022-09-09', '2022-09-09'),
(79, 0, 1, 80, NULL, 34, '2022-09-09', '2022-09-09'),
(80, 1, 20, 79, NULL, 31, '2022-09-09', '2022-09-09'),
(81, 1, 1, 108, NULL, 42, '2022-09-13', '2022-09-13'),
(82, 1, 2, 93, NULL, 67, '2022-09-13', '2022-09-15'),
(83, 1, 1, 97, NULL, 34, '2022-09-13', '2022-09-15'),
(84, 1, 1, 99, NULL, 75, '2022-09-13', '2022-09-13'),
(85, 1, 1, 53, NULL, 75, '2022-09-13', '2022-09-13'),
(86, 1, 2, 63, NULL, 40, '2022-09-13', '2022-09-15'),
(87, 1, 1, 96, NULL, 39, '2022-09-13', '2022-09-13'),
(88, 1, 2, 129, NULL, 62, '2022-09-13', '2022-09-15'),
(89, 1, 2, 122, NULL, 40, '2022-09-13', '2022-09-15'),
(90, 1, 1, 54, NULL, 38, '2022-09-14', '2022-09-14'),
(91, 0, 2, 107, NULL, 67, '2022-09-14', '2022-09-14'),
(92, 0, 2, 121, NULL, 37, '2022-09-14', '2022-09-14'),
(93, 0, 1, 110, NULL, 42, '2022-09-14', '2022-09-14'),
(94, 0, 15, 124, NULL, 69, '2022-09-15', '2022-09-15'),
(95, 1, 1, 106, NULL, 39, '2022-09-15', '2022-09-15'),
(96, 0, 5, 128, NULL, 39, '2022-09-16', '2022-09-16'),
(97, 0, 4, 140, NULL, 32, '2022-09-20', '2022-09-20'),
(98, 1, 5, 153, NULL, 34, '2022-09-20', '2022-09-30'),
(99, 1, 1, 118, NULL, 34, '2022-09-20', '2022-09-20'),
(100, 0, 1, 150, NULL, 48, '2022-09-21', '2022-09-21'),
(101, 0, 1, 154, NULL, 31, '2022-09-21', '2022-09-21'),
(102, 0, 1, 127, NULL, 37, '2022-09-21', '2022-09-21'),
(103, 1, 5, 116, NULL, 84, '2022-09-22', '2022-09-22'),
(104, 0, 2, 62, NULL, 78, '2022-09-23', '2022-09-23'),
(105, 0, 2, 152, NULL, 70, '2022-09-23', '2022-09-23'),
(106, 1, 30, 139, NULL, 72, '2022-09-27', '2022-09-30'),
(107, 0, 5, 130, NULL, 47, '2022-09-27', '2022-09-27'),
(108, 1, 1, 126, NULL, 75, '2022-09-27', '2022-09-30'),
(109, 0, 20, 109, NULL, 40, '2022-09-27', '2022-09-27'),
(110, 0, 10, 151, NULL, 67, '2022-09-27', '2022-09-27'),
(111, 1, 7, 131, NULL, 34, '2022-09-27', '2022-09-30'),
(112, 0, 2, 165, NULL, 55, '2022-09-27', '2022-09-27'),
(113, 0, 1, 157, NULL, 62, '2022-09-28', '2022-09-28'),
(114, 0, 1, 111, NULL, 39, '2022-09-28', '2022-09-28'),
(115, 0, 1, 143, NULL, 31, '2022-09-29', '2022-09-29'),
(116, 0, 1, 162, NULL, 33, '2022-09-29', '2022-09-29'),
(117, 1, 5, 159, NULL, 83, '2022-09-30', '2022-09-30'),
(118, 0, 3, 166, NULL, 82, '2022-09-30', '2022-09-30'),
(119, 0, 10, 135, NULL, 79, '2022-09-30', '2022-09-30'),
(120, 0, 7, 105, NULL, 76, '2022-09-30', '2022-09-30'),
(121, 1, 4, 125, NULL, 69, '2022-09-30', '2022-09-30'),
(122, 0, 4, 65, NULL, 76, '2022-09-30', '2022-09-30'),
(123, 1, 1, 141, NULL, 75, '2022-09-30', '2022-09-30'),
(124, 0, 4, 155, NULL, 32, '2022-09-30', '2022-09-30'),
(125, 1, 3, 98, NULL, 34, '2022-09-30', '2022-10-05'),
(126, 1, 1, 149, NULL, 81, '2022-09-30', '2022-09-30'),
(127, 1, 1, 104, NULL, 55, '2022-09-30', '2022-09-30'),
(128, 0, 5, 117, NULL, 41, '2022-09-30', '2022-09-30'),
(129, 1, 1, 160, NULL, 62, '2022-09-30', '2022-09-30'),
(130, 1, 1, 136, NULL, 80, '2022-09-30', '2022-09-30'),
(131, 1, 1, 59, NULL, 37, '2022-09-30', '2022-09-30'),
(132, 0, 4, 181, NULL, 51, '2022-09-30', '2022-09-30'),
(133, 0, 2, 190, NULL, 39, '2022-10-05', '2022-10-05'),
(134, 0, 2, 174, NULL, 86, '2022-10-05', '2022-10-05'),
(135, 0, 1, 132, NULL, 39, '2022-10-05', '2022-10-05'),
(136, 0, 1, 137, NULL, 62, '2022-10-05', '2022-10-05'),
(137, 0, 1, 167, NULL, 51, '2022-10-05', '2022-10-05'),
(138, 1, 1, 120, NULL, 34, '2022-10-06', '2022-10-06');

-- --------------------------------------------------------

--
-- Estrutura para tabela `recebimento_observacaos`
--

CREATE TABLE `recebimento_observacaos` (
  `id` int(11) NOT NULL,
  `recebimento_id` int(11) NOT NULL,
  `observacao` varchar(255) DEFAULT NULL,
  `created_at` date DEFAULT NULL,
  `updated_at` date DEFAULT NULL,
  `hora` time DEFAULT NULL
) ENGINE=InnoDB DEFAULT CHARSET=utf8mb4;

-- --------------------------------------------------------

--
-- Estrutura para tabela `reparos`
--

CREATE TABLE `reparos` (
  `id` int(11) NOT NULL,
  `finalizado` tinyint(1) NOT NULL DEFAULT 0,
  `data_limite` int(11) NOT NULL,
  `evento_id` int(11) NOT NULL,
  `mecanica_id` int(11) NOT NULL,
  `retorno_id` int(11) DEFAULT NULL,
  `created_at` date DEFAULT NULL,
  `updated_at` date DEFAULT NULL
) ENGINE=InnoDB DEFAULT CHARSET=utf8mb4;

--
-- Despejando dados para a tabela `reparos`
--

INSERT INTO `reparos` (`id`, `finalizado`, `data_limite`, `evento_id`, `mecanica_id`, `retorno_id`, `created_at`, `updated_at`) VALUES
(1, 1, 15, 48, 31, NULL, '2022-08-29', '2022-09-09'),
(2, 1, 15, 2, 40, NULL, '2022-08-29', '2022-09-09'),
(3, 1, 15, 3, 43, NULL, '2022-08-29', '2022-09-09'),
(4, 1, 15, 47, 42, NULL, '2022-08-29', '2022-09-09'),
(5, 1, 15, 30, 41, NULL, '2022-08-29', '2022-09-09'),
(6, 1, 15, 37, 42, NULL, '2022-08-29', '2022-09-09'),
(7, 1, 15, 28, 31, NULL, '2022-08-29', '2022-09-09'),
(8, 1, 15, 24, 35, NULL, '2022-08-29', '2022-09-09'),
(9, 1, 15, 36, 34, NULL, '2022-08-29', '2022-09-09'),
(10, 1, 15, 39, 51, NULL, '2022-08-29', '2022-09-09'),
(11, 1, 15, 43, 67, NULL, '2022-08-29', '2022-09-09'),
(12, 1, 15, 22, 39, NULL, '2022-08-29', '2022-09-09'),
(13, 1, 15, 21, 33, NULL, '2022-08-29', '2022-09-06'),
(14, 1, 15, 32, 66, NULL, '2022-08-29', '2022-09-09'),
(15, 1, 15, 33, 65, NULL, '2022-08-29', '2022-09-09'),
(16, 1, 15, 34, 67, NULL, '2022-08-29', '2022-09-09'),
(17, 1, 15, 46, 39, NULL, '2022-08-29', '2022-09-09'),
(18, 1, 15, 45, 31, NULL, '2022-08-29', '2022-09-09'),
(19, 1, 15, 44, 69, NULL, '2022-08-29', '2022-09-09'),
(20, 1, 15, 27, 64, NULL, '2022-08-29', '2022-09-09'),
(21, 1, 15, 42, 68, NULL, '2022-08-29', '2022-09-09'),
(22, 1, 15, 41, 39, NULL, '2022-08-29', '2022-09-09'),
(23, 1, 15, 40, 62, NULL, '2022-08-29', '2022-09-09'),
(24, 1, 15, 4, 37, NULL, '2022-08-29', '2022-09-09'),
(25, 1, 15, 35, 34, NULL, '2022-08-29', '2022-09-09'),
(26, 1, 15, 20, 32, NULL, '2022-08-29', '2022-09-09'),
(27, 1, 15, 19, 61, NULL, '2022-08-29', '2022-09-09'),
(28, 1, 15, 18, 41, NULL, '2022-08-29', '2022-09-09'),
(29, 1, 15, 11, 42, NULL, '2022-08-29', '2022-09-09'),
(30, 1, 15, 8, 57, NULL, '2022-08-29', '2022-09-09'),
(31, 1, 15, 9, 43, NULL, '2022-08-29', '2022-09-09'),
(32, 1, 15, 6, 56, NULL, '2022-08-29', '2022-09-09'),
(33, 1, 15, 5, 55, NULL, '2022-08-29', '2022-08-31'),
(34, 1, 15, 13, 50, NULL, '2022-08-29', '2022-09-09'),
(35, 1, 15, 31, 65, NULL, '2022-08-29', '2022-09-09'),
(36, 1, 15, 10, 44, NULL, '2022-08-29', '2022-09-09'),
(37, 1, 15, 25, 39, NULL, '2022-08-29', '2022-09-09'),
(38, 1, 15, 12, 34, NULL, '2022-08-29', '2022-09-09'),
(39, 1, 15, 17, 50, NULL, '2022-08-29', '2022-09-09'),
(40, 1, 15, 16, 42, NULL, '2022-08-29', '2022-09-09'),
(41, 1, 15, 15, 59, NULL, '2022-08-29', '2022-09-09'),
(42, 1, 15, 23, 62, NULL, '2022-08-29', '2022-09-09'),
(43, 1, 15, 29, 31, NULL, '2022-08-29', '2022-09-09'),
(44, 1, 15, 7, 50, NULL, '2022-08-29', '2022-09-09'),
(45, 1, 15, 14, 58, NULL, '2022-08-29', '2022-09-09'),
(46, 1, 15, 26, 63, NULL, '2022-08-29', '2022-09-09'),
(47, 1, 15, 38, 37, NULL, '2022-08-29', '2022-09-09'),
(48, 1, 15, 86, 64, NULL, '2022-08-30', '2022-08-30'),
(49, 1, 7, 51, 63, NULL, '2022-09-01', '2022-09-09'),
(50, 1, 7, 88, 73, NULL, '2022-09-01', '2022-09-09'),
(51, 1, 7, 76, 35, NULL, '2022-09-02', '2022-09-09'),
(52, 1, 10, 71, 70, NULL, '2022-09-05', '2022-09-09'),
(53, 1, 5, 52, 48, NULL, '2022-09-05', '2022-09-09'),
(54, 1, 5, 68, 34, NULL, '2022-09-05', '2022-09-09'),
(55, 1, 20, 89, 32, NULL, '2022-09-06', '2022-09-09'),
(56, 1, 10, 78, 72, NULL, '2022-09-06', '2022-09-09'),
(57, 1, 11, 73, 71, NULL, '2022-09-06', '2022-09-09'),
(58, 1, 2, 61, 74, NULL, '2022-09-06', '2022-09-06'),
(59, 1, 22, 112, 77, NULL, '2022-09-06', '2022-09-09'),
(60, 1, 10, 113, 50, NULL, '2022-09-08', '2022-09-09'),
(61, 1, 7, 95, 60, NULL, '2022-09-08', '2022-09-09'),
(62, 1, 2, 69, 74, NULL, '2022-09-08', '2022-09-08'),
(63, 1, 5, 81, 48, NULL, '2022-09-09', '2022-09-09'),
(64, 1, 5, 87, 69, NULL, '2022-09-09', '2022-09-09'),
(65, 1, 5, 102, 62, NULL, '2022-09-09', '2022-09-09'),
(66, 0, 20, 79, 31, NULL, '2022-09-09', '2022-09-09'),
(67, 0, 10, 75, 50, NULL, '2022-09-13', '2022-09-13'),
(68, 1, 15, 85, 44, NULL, '2022-09-13', '2022-09-30'),
(69, 0, 4, 108, 42, NULL, '2022-09-13', '2022-09-13'),
(70, 1, 10, 53, 75, NULL, '2022-09-13', '2022-09-30'),
(71, 0, 10, 99, 75, NULL, '2022-09-13', '2022-09-13'),
(72, 0, 7, 96, 39, NULL, '2022-09-13', '2022-09-13'),
(73, 0, 7, 54, 38, NULL, '2022-09-14', '2022-09-14'),
(74, 1, 10, 93, 67, NULL, '2022-09-15', '2022-10-03'),
(75, 0, 20, 97, 34, NULL, '2022-09-15', '2022-09-15'),
(76, 0, 10, 77, 40, NULL, '2022-09-15', '2022-09-15'),
(77, 1, 16, 106, 39, NULL, '2022-09-15', '2022-09-30'),
(78, 0, 7, 83, 51, NULL, '2022-09-15', '2022-09-15'),
(79, 1, 7, 129, 62, NULL, '2022-09-15', '2022-09-21'),
(80, 0, 7, 63, 40, NULL, '2022-09-15', '2022-09-15'),
(81, 0, 7, 122, 40, NULL, '2022-09-15', '2022-09-15'),
(82, 0, 7, 82, 67, NULL, '2022-09-16', '2022-09-16'),
(83, 0, 4, 118, 34, NULL, '2022-09-20', '2022-09-20'),
(84, 0, 5, 116, 84, NULL, '2022-09-22', '2022-09-22'),
(85, 0, 15, 159, 83, NULL, '2022-09-30', '2022-09-30'),
(86, 0, 10, 131, 34, NULL, '2022-09-30', '2022-09-30'),
(87, 1, 4, 139, 72, NULL, '2022-09-30', '2022-10-06'),
(88, 0, 15, 125, 69, NULL, '2022-09-30', '2022-09-30'),
(89, 0, 5, 153, 34, NULL, '2022-09-30', '2022-09-30'),
(90, 0, 4, 141, 75, NULL, '2022-09-30', '2022-09-30'),
(91, 1, 1, 126, 75, NULL, '2022-09-30', '2022-09-30'),
(92, 1, 1, 149, 81, NULL, '2022-09-30', '2022-09-30'),
(93, 0, 5, 104, 55, NULL, '2022-09-30', '2022-09-30'),
(94, 1, 1, 160, 62, NULL, '2022-09-30', '2022-09-30'),
(95, 1, 1, 136, 80, NULL, '2022-09-30', '2022-09-30'),
(96, 1, 1, 59, 37, NULL, '2022-09-30', '2022-09-30'),
(97, 1, 1, 94, 67, NULL, '2022-10-03', '2022-10-03'),
(98, 1, 1, 98, 34, NULL, '2022-10-05', '2022-10-05'),
(99, 1, 1, 58, 48, NULL, '2022-10-05', '2022-10-05'),
(100, 0, 4, 120, 34, NULL, '2022-10-06', '2022-10-06');

-- --------------------------------------------------------

--
-- Estrutura para tabela `reparo_complementos`
--

CREATE TABLE `reparo_complementos` (
  `id` int(11) NOT NULL,
  `observacao` varchar(255) NOT NULL,
  `reparo_id` int(11) NOT NULL,
  `created_at` date DEFAULT NULL,
  `updated_at` date DEFAULT NULL,
  `hora` time DEFAULT NULL
) ENGINE=InnoDB DEFAULT CHARSET=utf8mb4;

-- --------------------------------------------------------

--
-- Estrutura para tabela `reparo_observacaos`
--

CREATE TABLE `reparo_observacaos` (
  `id` int(11) NOT NULL,
  `observacao` varchar(255) NOT NULL,
  `reparo_id` int(11) NOT NULL,
  `created_at` date DEFAULT NULL,
  `updated_at` date DEFAULT NULL,
  `hora` time DEFAULT NULL
) ENGINE=InnoDB DEFAULT CHARSET=utf8mb4;

-- --------------------------------------------------------

--
-- Estrutura para tabela `retornos`
--

CREATE TABLE `retornos` (
  `id` int(11) NOT NULL,
  `evento_id` int(11) NOT NULL,
  `observacao` varchar(255) DEFAULT NULL,
  `created_at` date DEFAULT NULL,
  `updated_at` date DEFAULT NULL
) ENGINE=InnoDB DEFAULT CHARSET=utf8mb4;

-- --------------------------------------------------------

--
-- Estrutura para tabela `veiculo_assistencials`
--

CREATE TABLE `veiculo_assistencials` (
  `id` int(11) NOT NULL,
  `nome_condutor` varchar(255) NOT NULL,
  `dias_emprestimo` int(11) NOT NULL,
  `data_saida` date NOT NULL,
  `cidade` varchar(255) NOT NULL,
  `cor` varchar(255) DEFAULT NULL,
  `veiculo_empresa_id` int(11) NOT NULL,
  `created_at` date DEFAULT NULL,
  `updated_at` date DEFAULT NULL
) ENGINE=InnoDB DEFAULT CHARSET=utf8mb4;

--
-- Despejando dados para a tabela `veiculo_assistencials`
--

INSERT INTO `veiculo_assistencials` (`id`, `nome_condutor`, `dias_emprestimo`, `data_saida`, `cidade`, `cor`, `veiculo_empresa_id`, `created_at`, `updated_at`) VALUES
(12, 'DIEGO ZANONI', 15, '2022-09-28', 'CAMPOS NOVOS', '#87445a', 1, '2022-10-05', '2022-10-05'),
(13, 'LEONILDA CAMPAGNOLO', 7, '2022-10-10', 'JOACABA', '#76755e', 4, '2022-10-10', '2022-10-10');

-- --------------------------------------------------------

--
-- Estrutura para tabela `veiculo_empresas`
--

CREATE TABLE `veiculo_empresas` (
  `id` int(11) NOT NULL,
  `placa` varchar(255) NOT NULL,
  `modelo` varchar(255) NOT NULL,
  `cidade` varchar(255) NOT NULL,
  `ativo` int(11) DEFAULT 0
) ENGINE=InnoDB DEFAULT CHARSET=utf8mb4;

--
-- Despejando dados para a tabela `veiculo_empresas`
--

INSERT INTO `veiculo_empresas` (`id`, `placa`, `modelo`, `cidade`, `ativo`) VALUES
(1, 'RDY 5B16', 'Mobi', 'Tubarão', 1),
(2, 'RDY 5C66', 'Mobi', 'Tubarão', 0),
(3, 'DLB 2L89', 'Mobi', 'Tubarão', 0),
(4, 'RDW 8H19', 'Kwid', 'Tubarão', 1),
(5, 'QHU 3225', 'Gol', 'Tubarão', 0),
(6, 'QJR 1375', 'UNO', 'Tubarão', 0),
(7, 'QJR 1775', 'UNO', 'Tubarão', 0);

--
-- Índices para tabelas despejadas
--

--
-- Índices de tabela `cotacaos`
--
ALTER TABLE `cotacaos`
  ADD PRIMARY KEY (`id`),
  ADD KEY `evento_id` (`evento_id`),
  ADD KEY `mecanica_id` (`mecanica_id`);

--
-- Índices de tabela `cotacao_observacaos`
--
ALTER TABLE `cotacao_observacaos`
  ADD PRIMARY KEY (`id`),
  ADD KEY `cotacao_observacaos_ibfk_1` (`cotacao_id`);

--
-- Índices de tabela `direcionamentos`
--
ALTER TABLE `direcionamentos`
  ADD PRIMARY KEY (`id`),
  ADD KEY `evento_id` (`evento_id`);

--
-- Índices de tabela `eventos`
--
ALTER TABLE `eventos`
  ADD PRIMARY KEY (`id`),
  ADD KEY `mecanica` (`mecanica_id`);

--
-- Índices de tabela `mecanicas`
--
ALTER TABLE `mecanicas`
  ADD PRIMARY KEY (`id`);

--
-- Índices de tabela `orcamentos`
--
ALTER TABLE `orcamentos`
  ADD PRIMARY KEY (`id`),
  ADD KEY `mecanica_id` (`mecanica_id`),
  ADD KEY `evento_id` (`evento_id`);

--
-- Índices de tabela `orcamento_observacaos`
--
ALTER TABLE `orcamento_observacaos`
  ADD PRIMARY KEY (`id`),
  ADD KEY `orcamento_observacaos_ibfk_1` (`orcamento_id`);

--
-- Índices de tabela `recebimentos`
--
ALTER TABLE `recebimentos`
  ADD PRIMARY KEY (`id`),
  ADD KEY `evento_id` (`evento_id`),
  ADD KEY `mecanica_id` (`mecanica_id`),
  ADD KEY `retorno_id` (`retorno_id`);

--
-- Índices de tabela `recebimento_observacaos`
--
ALTER TABLE `recebimento_observacaos`
  ADD PRIMARY KEY (`id`),
  ADD KEY `recebimento_id` (`recebimento_id`);

--
-- Índices de tabela `reparos`
--
ALTER TABLE `reparos`
  ADD PRIMARY KEY (`id`),
  ADD KEY `evento_id` (`evento_id`),
  ADD KEY `mecanica_id` (`mecanica_id`);

--
-- Índices de tabela `reparo_complementos`
--
ALTER TABLE `reparo_complementos`
  ADD PRIMARY KEY (`id`),
  ADD KEY `reparo_complementos_ibfk_1` (`reparo_id`);

--
-- Índices de tabela `reparo_observacaos`
--
ALTER TABLE `reparo_observacaos`
  ADD PRIMARY KEY (`id`),
  ADD KEY `reparo_id` (`reparo_id`);

--
-- Índices de tabela `retornos`
--
ALTER TABLE `retornos`
  ADD PRIMARY KEY (`id`),
  ADD KEY `evento_id` (`evento_id`);

--
-- Índices de tabela `veiculo_assistencials`
--
ALTER TABLE `veiculo_assistencials`
  ADD PRIMARY KEY (`id`),
  ADD KEY `veiculo_empresa_id` (`veiculo_empresa_id`);

--
-- Índices de tabela `veiculo_empresas`
--
ALTER TABLE `veiculo_empresas`
  ADD PRIMARY KEY (`id`);

--
-- AUTO_INCREMENT para tabelas despejadas
--

--
-- AUTO_INCREMENT de tabela `cotacaos`
--
ALTER TABLE `cotacaos`
  MODIFY `id` int(11) NOT NULL AUTO_INCREMENT, AUTO_INCREMENT=155;

--
-- AUTO_INCREMENT de tabela `cotacao_observacaos`
--
ALTER TABLE `cotacao_observacaos`
  MODIFY `id` int(11) NOT NULL AUTO_INCREMENT, AUTO_INCREMENT=2;

--
-- AUTO_INCREMENT de tabela `direcionamentos`
--
ALTER TABLE `direcionamentos`
  MODIFY `id` int(11) NOT NULL AUTO_INCREMENT, AUTO_INCREMENT=212;

--
-- AUTO_INCREMENT de tabela `eventos`
--
ALTER TABLE `eventos`
  MODIFY `id` int(11) NOT NULL AUTO_INCREMENT, AUTO_INCREMENT=212;

--
-- AUTO_INCREMENT de tabela `mecanicas`
--
ALTER TABLE `mecanicas`
  MODIFY `id` int(11) NOT NULL AUTO_INCREMENT, AUTO_INCREMENT=87;

--
-- AUTO_INCREMENT de tabela `orcamentos`
--
ALTER TABLE `orcamentos`
  MODIFY `id` int(11) NOT NULL AUTO_INCREMENT, AUTO_INCREMENT=163;

--
-- AUTO_INCREMENT de tabela `orcamento_observacaos`
--
ALTER TABLE `orcamento_observacaos`
  MODIFY `id` int(11) NOT NULL AUTO_INCREMENT, AUTO_INCREMENT=2;

--
-- AUTO_INCREMENT de tabela `recebimentos`
--
ALTER TABLE `recebimentos`
  MODIFY `id` int(11) NOT NULL AUTO_INCREMENT, AUTO_INCREMENT=140;

--
-- AUTO_INCREMENT de tabela `recebimento_observacaos`
--
ALTER TABLE `recebimento_observacaos`
  MODIFY `id` int(11) NOT NULL AUTO_INCREMENT;

--
-- AUTO_INCREMENT de tabela `reparos`
--
ALTER TABLE `reparos`
  MODIFY `id` int(11) NOT NULL AUTO_INCREMENT, AUTO_INCREMENT=101;

--
-- AUTO_INCREMENT de tabela `reparo_complementos`
--
ALTER TABLE `reparo_complementos`
  MODIFY `id` int(11) NOT NULL AUTO_INCREMENT;

--
-- AUTO_INCREMENT de tabela `reparo_observacaos`
--
ALTER TABLE `reparo_observacaos`
  MODIFY `id` int(11) NOT NULL AUTO_INCREMENT;

--
-- AUTO_INCREMENT de tabela `retornos`
--
ALTER TABLE `retornos`
  MODIFY `id` int(11) NOT NULL AUTO_INCREMENT;

--
-- AUTO_INCREMENT de tabela `veiculo_assistencials`
--
ALTER TABLE `veiculo_assistencials`
  MODIFY `id` int(11) NOT NULL AUTO_INCREMENT, AUTO_INCREMENT=14;

--
-- AUTO_INCREMENT de tabela `veiculo_empresas`
--
ALTER TABLE `veiculo_empresas`
  MODIFY `id` int(11) NOT NULL AUTO_INCREMENT, AUTO_INCREMENT=8;

--
-- Restrições para tabelas despejadas
--

--
-- Restrições para tabelas `cotacaos`
--
ALTER TABLE `cotacaos`
  ADD CONSTRAINT `cotacaos_ibfk_1` FOREIGN KEY (`evento_id`) REFERENCES `eventos` (`id`),
  ADD CONSTRAINT `cotacaos_ibfk_2` FOREIGN KEY (`mecanica_id`) REFERENCES `mecanicas` (`id`);

--
-- Restrições para tabelas `cotacao_observacaos`
--
ALTER TABLE `cotacao_observacaos`
  ADD CONSTRAINT `cotacao_observacaos_ibfk_1` FOREIGN KEY (`cotacao_id`) REFERENCES `cotacaos` (`id`) ON UPDATE CASCADE;

--
-- Restrições para tabelas `direcionamentos`
--
ALTER TABLE `direcionamentos`
  ADD CONSTRAINT `direcionamentos_ibfk_1` FOREIGN KEY (`evento_id`) REFERENCES `eventos` (`id`);

--
-- Restrições para tabelas `eventos`
--
ALTER TABLE `eventos`
  ADD CONSTRAINT `eventos_ibfk_1` FOREIGN KEY (`mecanica_id`) REFERENCES `mecanicas` (`id`);

--
-- Restrições para tabelas `orcamentos`
--
ALTER TABLE `orcamentos`
  ADD CONSTRAINT `orcamentos_ibfk_1` FOREIGN KEY (`mecanica_id`) REFERENCES `mecanicas` (`id`),
  ADD CONSTRAINT `orcamentos_ibfk_2` FOREIGN KEY (`evento_id`) REFERENCES `eventos` (`id`);

--
-- Restrições para tabelas `orcamento_observacaos`
--
ALTER TABLE `orcamento_observacaos`
  ADD CONSTRAINT `orcamento_observacaos_ibfk_1` FOREIGN KEY (`orcamento_id`) REFERENCES `orcamentos` (`id`) ON UPDATE CASCADE;

--
-- Restrições para tabelas `recebimentos`
--
ALTER TABLE `recebimentos`
  ADD CONSTRAINT `recebimentos_ibfk_1` FOREIGN KEY (`retorno_id`) REFERENCES `retornos` (`id`),
  ADD CONSTRAINT `recebimentos_ibfk_2` FOREIGN KEY (`mecanica_id`) REFERENCES `mecanicas` (`id`),
  ADD CONSTRAINT `recebimentos_ibfk_3` FOREIGN KEY (`retorno_id`) REFERENCES `retornos` (`id`);

--
-- Restrições para tabelas `recebimento_observacaos`
--
ALTER TABLE `recebimento_observacaos`
  ADD CONSTRAINT `recebimento_observacaos_ibfk_1` FOREIGN KEY (`recebimento_id`) REFERENCES `recebimentos` (`id`);

--
-- Restrições para tabelas `reparos`
--
ALTER TABLE `reparos`
  ADD CONSTRAINT `reparos_ibfk_1` FOREIGN KEY (`evento_id`) REFERENCES `eventos` (`id`),
  ADD CONSTRAINT `reparos_ibfk_2` FOREIGN KEY (`mecanica_id`) REFERENCES `mecanicas` (`id`);

--
-- Restrições para tabelas `reparo_complementos`
--
ALTER TABLE `reparo_complementos`
  ADD CONSTRAINT `reparo_complementos_ibfk_1` FOREIGN KEY (`reparo_id`) REFERENCES `reparos` (`id`) ON UPDATE CASCADE;

--
-- Restrições para tabelas `reparo_observacaos`
--
ALTER TABLE `reparo_observacaos`
  ADD CONSTRAINT `reparo_observacaos_ibfk_1` FOREIGN KEY (`reparo_id`) REFERENCES `reparos` (`id`);

--
-- Restrições para tabelas `retornos`
--
ALTER TABLE `retornos`
  ADD CONSTRAINT `retornos_ibfk_1` FOREIGN KEY (`evento_id`) REFERENCES `eventos` (`id`);

--
-- Restrições para tabelas `veiculo_assistencials`
--
ALTER TABLE `veiculo_assistencials`
  ADD CONSTRAINT `veiculo_assistencials_ibfk_2` FOREIGN KEY (`veiculo_empresa_id`) REFERENCES `veiculo_empresas` (`id`);
COMMIT;

/*!40101 SET CHARACTER_SET_CLIENT=@OLD_CHARACTER_SET_CLIENT */;
/*!40101 SET CHARACTER_SET_RESULTS=@OLD_CHARACTER_SET_RESULTS */;
/*!40101 SET COLLATION_CONNECTION=@OLD_COLLATION_CONNECTION */;
